,month_start,year_start,date_start,fire_duration,incident_acres_burned,season_fall,season_spring,season_summer,season_winter
0,1,2014,2014-01-25,1,106,0,0,0,1
1,1,2014,2014-01-16,11,1952,0,0,0,1
2,1,2014,2014-01-04,4,333,0,0,0,1
3,1,2019,2019-01-01,14,30,0,0,0,1
4,1,2014,2014-01-02,8,865,0,0,0,1
5,2,2013,2013-02-24,4,406,0,0,0,1
6,2,2018,2018-02-18,319,2070,0,0,0,1
7,2,2020,2020-02-17,3,102,0,0,0,1
8,2,2020,2020-02-23,1,75,0,0,0,1
9,2,2020,2020-02-23,0,57,0,0,0,1
10,2,2020,2020-02-25,7,211,0,0,0,1
11,2,2015,2015-02-24,6,200,0,0,0,1
12,2,2017,2017-02-07,336,0,0,0,0,1
13,2,2018,2018-02-07,330,50,0,0,0,1
14,3,2020,2020-03-02,3,154,0,1,0,0
15,3,2018,2018-03-27,282,258,0,1,0,0
16,3,2014,2014-03-19,2,400,0,1,0,0
17,3,2014,2014-03-08,3,125,0,1,0,0
18,3,2014,2014-03-28,1,57,0,1,0,0
19,3,2018,2018-03-27,282,11,0,1,0,0
20,4,2018,2018-04-12,266,30,0,1,0,0
21,4,2018,2018-04-28,251,73,0,1,0,0
22,4,2017,2017-04-03,281,45,0,1,0,0
23,4,2017,2017-04-03,281,380,0,1,0,0
24,4,2013,2013-04-30,1,75,0,1,0,0
25,4,2017,2017-04-13,271,15,0,1,0,0
26,4,2013,2013-04-20,2,30,0,1,0,0
27,4,2017,2017-04-20,264,5738,0,1,0,0
28,4,2018,2018-04-15,263,15,0,1,0,0
29,4,2015,2015-04-13,5,137,0,1,0,0
30,4,2015,2015-04-18,6,1049,0,1,0,0
31,4,2019,2019-04-28,57,161,0,1,0,0
32,4,2019,2019-04-30,8,10,0,1,0,0
33,4,2019,2019-04-30,8,115,0,1,0,0
34,4,2018,2018-04-26,253,20,0,1,0,0
35,4,2018,2018-04-22,256,18,0,1,0,0
36,4,2013,2013-04-30,1,274,0,1,0,0
37,4,2017,2017-04-24,260,10,0,1,0,0
38,4,2018,2018-04-09,269,21,0,1,0,0
39,4,2017,2017-04-29,255,126,0,1,0,0
40,4,2017,2017-04-28,256,976,0,1,0,0
41,4,2014,2014-04-19,2,113,0,1,0,0
42,4,2016,2016-04-24,0,30,0,1,0,0
43,4,2016,2016-04-19,0,0,0,1,0,0
44,4,2020,2020-04-04,8,275,0,1,0,0
45,4,2018,2018-04-19,259,1265,0,1,0,0
46,4,2020,2020-04-23,1,26,0,1,0,0
47,4,2020,2020-04-27,0,47,0,1,0,0
48,4,2014,2014-04-30,5,2143,0,1,0,0
49,4,2014,2014-04-30,1,75,0,1,0,0
50,4,2018,2018-04-24,254,0,0,1,0,0
51,4,2017,2017-04-30,254,12,0,1,0,0
52,4,2017,2017-04-30,254,1350,0,1,0,0
53,4,2017,2017-04-30,254,150,0,1,0,0
54,5,2014,2014-05-14,1,50,0,0,1,0
55,5,2014,2014-05-14,8,1995,0,0,1,0
56,5,2014,2014-05-13,4,1548,0,0,1,0
57,5,2014,2014-05-13,6,632,0,0,1,0
58,5,2014,2014-05-14,5,5367,0,0,1,0
59,5,2018,2018-05-17,232,1261,0,0,1,0
60,5,2018,2018-05-14,235,12,0,0,1,0
61,5,2014,2014-05-05,1,29,0,0,1,0
62,5,2018,2018-05-18,231,103,0,0,1,0
63,5,2018,2018-05-09,240,18,0,0,1,0
64,5,2018,2018-05-04,245,15,0,0,1,0
65,5,2014,2014-05-14,3,600,0,0,1,0
66,5,2018,2018-05-18,231,26,0,0,1,0
67,5,2018,2018-05-19,230,27,0,0,1,0
68,5,2018,2018-05-20,229,88,0,0,1,0
69,5,2014,2014-05-25,1,175,0,0,1,0
70,5,2018,2018-05-21,228,12,0,0,1,0
71,5,2018,2018-05-22,227,59,0,0,1,0
72,5,2018,2018-05-23,226,56,0,0,1,0
73,5,2018,2018-05-24,225,100,0,0,1,0
74,5,2018,2018-05-26,223,108,0,0,1,0
75,5,2018,2018-05-27,222,16,0,0,1,0
76,5,2018,2018-05-28,221,10,0,0,1,0
77,5,2018,2018-05-04,245,70,0,0,1,0
78,5,2018,2018-05-04,245,300,0,0,1,0
79,5,2018,2018-05-29,220,25,0,0,1,0
80,5,2018,2018-05-02,247,1756,0,0,1,0
81,5,2017,2017-05-23,231,10,0,0,1,0
82,5,2017,2017-05-17,237,150,0,0,1,0
83,5,2018,2018-05-09,240,127,0,0,1,0
84,5,2017,2017-05-17,237,17,0,0,1,0
85,5,2017,2017-05-16,238,18,0,0,1,0
86,5,2017,2017-05-01,253,19,0,0,1,0
87,5,2017,2017-05-02,252,130,0,0,1,0
88,5,2017,2017-05-07,247,12,0,0,1,0
89,5,2017,2017-05-10,244,400,0,0,1,0
90,5,2017,2017-05-12,242,31,0,0,1,0
91,5,2017,2017-05-12,242,1800,0,0,1,0
92,5,2017,2017-05-14,240,20,0,0,1,0
93,5,2017,2017-05-14,240,17,0,0,1,0
94,5,2017,2017-05-14,240,41,0,0,1,0
95,5,2017,2017-05-18,236,225,0,0,1,0
96,5,2017,2017-05-15,239,225,0,0,1,0
97,5,2016,2016-05-30,2,85,0,0,1,0
98,5,2016,2016-05-22,3,3876,0,0,1,0
99,5,2016,2016-05-23,2,156,0,0,1,0
100,5,2016,2016-05-25,0,278,0,0,1,0
101,5,2016,2016-05-27,0,91,0,0,1,0
102,5,2016,2016-05-29,0,30,0,0,1,0
103,5,2016,2016-05-10,0,150,0,0,1,0
104,5,2016,2016-05-12,0,25,0,0,1,0
105,5,2016,2016-05-17,2,169,0,0,1,0
106,5,2016,2016-05-31,7,70,0,0,1,0
107,5,2016,2016-05-15,2,132,0,0,1,0
108,5,2017,2017-05-15,239,288,0,0,1,0
109,5,2017,2017-05-29,225,10,0,0,1,0
110,5,2017,2017-05-31,223,79,0,0,1,0
111,5,2017,2017-05-29,225,16,0,0,1,0
112,5,2018,2018-05-17,232,60,0,0,1,0
113,5,2018,2018-05-29,220,63,0,0,1,0
114,5,2018,2018-05-30,219,484,0,0,1,0
115,5,2015,2015-05-11,0,275,0,0,1,0
116,5,2017,2017-05-19,235,486,0,0,1,0
117,5,2014,2014-05-16,4,1457,0,0,1,0
118,5,2017,2017-05-18,236,10343,0,0,1,0
119,5,2017,2017-05-18,236,20,0,0,1,0
120,5,2017,2017-05-18,236,14,0,0,1,0
121,5,2017,2017-05-19,235,70,0,0,1,0
122,5,2017,2017-05-19,235,0,0,0,1,0
123,5,2017,2017-05-20,234,2056,0,0,1,0
124,5,2017,2017-05-20,234,17,0,0,1,0
125,5,2017,2017-05-20,234,506,0,0,1,0
126,5,2017,2017-05-20,234,190,0,0,1,0
127,5,2017,2017-05-24,230,25,0,0,1,0
128,5,2017,2017-05-22,232,21,0,0,1,0
129,5,2017,2017-05-21,233,35,0,0,1,0
130,5,2017,2017-05-25,229,1000,0,0,1,0
131,5,2017,2017-05-25,229,120,0,0,1,0
132,5,2017,2017-05-28,226,10,0,0,1,0
133,5,2017,2017-05-28,226,16,0,0,1,0
134,5,2017,2017-05-28,226,48,0,0,1,0
135,5,2017,2017-05-28,226,15,0,0,1,0
136,5,2017,2017-05-28,226,18,0,0,1,0
137,5,2018,2018-05-10,239,12,0,0,1,0
138,5,2014,2014-05-14,1,380,0,0,1,0
139,5,2018,2018-05-28,221,75,0,0,1,0
140,5,2013,2013-05-13,2,75,0,0,1,0
141,5,2019,2019-05-01,7,50,0,0,1,0
142,5,2013,2013-05-28,1,149,0,0,1,0
143,5,2013,2013-05-20,0,25,0,0,1,0
144,5,2013,2013-05-19,1,91,0,0,1,0
145,5,2013,2013-05-01,8,6965,0,0,1,0
146,5,2013,2013-05-01,2,125,0,0,1,0
147,5,2019,2019-05-03,5,172,0,0,1,0
148,5,2013,2013-05-01,3,3166,0,0,1,0
149,5,2019,2019-05-20,4,63,0,0,1,0
150,5,2013,2013-05-04,1,510,0,0,1,0
151,5,2013,2013-05-15,6,4346,0,0,1,0
152,5,2013,2013-05-16,1,40,0,0,1,0
153,5,2013,2013-05-17,1,712,0,0,1,0
154,5,2013,2013-05-03,0,354,0,0,1,0
155,5,2013,2013-05-01,4,217,0,0,1,0
156,5,2019,2019-05-07,2,2500,0,0,1,0
157,5,2013,2013-05-28,1,170,0,0,1,0
158,5,2013,2013-05-27,3,1984,0,0,1,0
159,5,2019,2019-05-20,4,26,0,0,1,0
160,5,2019,2019-05-29,5,835,0,0,1,0
161,5,2019,2019-05-29,7,121,0,0,1,0
162,5,2019,2019-05-30,4,45,0,0,1,0
163,5,2019,2019-05-30,12,144,0,0,1,0
164,5,2019,2019-05-29,26,55,0,0,1,0
165,5,2019,2019-05-18,6,130,0,0,1,0
166,5,2019,2019-05-10,14,65,0,0,1,0
167,5,2013,2013-05-30,0,303,0,0,1,0
168,5,2013,2013-05-22,1,100,0,0,1,0
169,5,2013,2013-05-23,3,2781,0,0,1,0
170,5,2013,2013-05-25,0,50,0,0,1,0
171,5,2013,2013-05-25,0,124,0,0,1,0
172,5,2013,2013-05-26,5,1271,0,0,1,0
173,5,2013,2013-05-21,0,90,0,0,1,0
174,5,2013,2013-05-20,0,35,0,0,1,0
175,5,2013,2013-05-30,9,30274,0,0,1,0
176,5,2019,2019-05-13,6,22,0,0,1,0
177,5,2020,2020-05-07,2,156,0,0,1,0
178,5,2020,2020-05-28,0,60,0,0,1,0
179,5,2020,2020-05-27,1,5000,0,0,1,0
180,5,2020,2020-05-22,1,20,0,0,1,0
181,5,2020,2020-05-18,0,20,0,0,1,0
182,5,2020,2020-05-08,0,17,0,0,1,0
183,5,2020,2020-05-03,0,2060,0,0,1,0
184,6,2020,2020-06-10,2,289,0,0,1,0
185,6,2020,2020-06-09,3,1100,0,0,1,0
186,6,2020,2020-06-09,1,151,0,0,1,0
187,6,2020,2020-06-08,0,20,0,0,1,0
188,6,2017,2017-06-09,214,14,0,0,1,0
189,6,2020,2020-06-10,1,1672,0,0,1,0
190,6,2020,2020-06-08,1,230,0,0,1,0
191,6,2020,2020-06-08,1,27,0,0,1,0
192,6,2020,2020-06-08,0,80,0,0,1,0
193,6,2020,2020-06-08,1,100,0,0,1,0
194,6,2020,2020-06-06,1,100,0,0,1,0
195,6,2020,2020-06-12,5,5042,0,0,1,0
196,6,2020,2020-06-11,2,90,0,0,1,0
197,6,2020,2020-06-11,0,40,0,0,1,0
198,6,2020,2020-06-07,3,85,0,0,1,0
199,6,2020,2020-06-12,26,533,0,0,1,0
200,6,2020,2020-06-13,3,191,0,0,1,0
201,6,2020,2020-06-13,0,10,0,0,1,0
202,6,2020,2020-06-15,4,445,0,0,1,0
203,6,2020,2020-06-16,5,895,0,0,1,0
204,6,2017,2017-06-01,222,68,0,0,1,0
205,6,2017,2017-06-01,222,26,0,0,1,0
206,6,2017,2017-06-02,221,16,0,0,1,0
207,6,2020,2020-06-10,7,803,0,0,1,0
208,6,2020,2020-06-18,0,110,0,0,1,0
209,6,2020,2020-06-04,0,15,0,0,1,0
210,6,2020,2020-06-04,3,126,0,0,1,0
211,6,2016,2016-06-25,1,1246,0,0,1,0
212,6,2016,2016-06-25,1,211,0,0,1,0
213,6,2016,2016-06-25,14,650,0,0,1,0
214,6,2016,2016-06-26,2,215,0,0,1,0
215,6,2016,2016-06-28,1,372,0,0,1,0
216,6,2016,2016-06-28,20,5646,0,0,1,0
217,6,2019,2019-06-01,10,155,0,0,1,0
218,6,2020,2020-06-02,0,37,0,0,1,0
219,6,2019,2019-06-02,9,257,0,0,1,0
220,6,2019,2019-06-03,1,33,0,0,1,0
221,6,2016,2016-06-30,0,2304,0,0,1,0
222,6,2019,2019-06-26,0,90,0,0,1,0
223,6,2019,2019-06-07,4,27,0,0,1,0
224,6,2017,2017-06-03,220,42,0,0,1,0
225,6,2019,2019-06-26,1,148,0,0,1,0
226,6,2019,2019-06-29,1,28,0,0,1,0
227,6,2019,2019-06-29,1,214,0,0,1,0
228,6,2019,2019-06-29,3,210,0,0,1,0
229,6,2016,2016-06-30,4,464,0,0,1,0
230,6,2019,2019-06-29,0,12,0,0,1,0
231,6,2020,2020-06-22,4,1050,0,0,1,0
232,6,2020,2020-06-21,1,52,0,0,1,0
233,6,2019,2019-06-28,0,2,0,0,1,0
234,6,2019,2019-06-27,0,20,0,0,1,0
235,6,2020,2020-06-16,4,1455,0,0,1,0
236,6,2020,2020-06-05,1,141,0,0,1,0
237,6,2020,2020-06-05,0,39,0,0,1,0
238,6,2017,2017-06-23,200,357,0,0,1,0
239,6,2019,2019-06-26,1,17,0,0,1,0
240,6,2017,2017-06-13,210,20,0,0,1,0
241,6,2017,2017-06-15,208,28,0,0,1,0
242,6,2017,2017-06-15,208,63,0,0,1,0
243,6,2017,2017-06-19,204,1503,0,0,1,0
244,6,2017,2017-06-19,204,168,0,0,1,0
245,6,2017,2017-06-21,202,65,0,0,1,0
246,6,2017,2017-06-21,202,54,0,0,1,0
247,6,2017,2017-06-22,201,21,0,0,1,0
248,6,2017,2017-06-22,201,111,0,0,1,0
249,6,2017,2017-06-13,210,135,0,0,1,0
250,6,2017,2017-06-13,210,50,0,0,1,0
251,6,2017,2017-06-11,212,186,0,0,1,0
252,6,2017,2017-06-13,210,33,0,0,1,0
253,6,2017,2017-06-07,216,339,0,0,1,0
254,6,2017,2017-06-03,220,27,0,0,1,0
255,6,2017,2017-06-22,201,39,0,0,1,0
256,6,2017,2017-06-03,220,25,0,0,1,0
257,6,2017,2017-06-04,219,78,0,0,1,0
258,6,2017,2017-06-04,219,67,0,0,1,0
259,6,2017,2017-06-04,219,10,0,0,1,0
260,6,2017,2017-06-05,218,20,0,0,1,0
261,6,2017,2017-06-05,218,10,0,0,1,0
262,6,2017,2017-06-06,217,91,0,0,1,0
263,6,2017,2017-06-06,217,46,0,0,1,0
264,6,2017,2017-06-07,216,157,0,0,1,0
265,6,2017,2017-06-11,212,38,0,0,1,0
266,6,2017,2017-06-10,213,206,0,0,1,0
267,6,2017,2017-06-09,214,0,0,0,1,0
268,6,2017,2017-06-09,214,35,0,0,1,0
269,6,2017,2017-06-04,219,33,0,0,1,0
270,6,2017,2017-06-14,209,150,0,0,1,0
271,6,2017,2017-06-18,205,56,0,0,1,0
272,6,2017,2017-06-18,205,1522,0,0,1,0
273,6,2017,2017-06-15,208,105,0,0,1,0
274,6,2017,2017-06-10,213,1431,0,0,1,0
275,6,2020,2020-06-21,4,195,0,0,1,0
276,6,2020,2020-06-21,16,10,0,0,1,0
277,6,2020,2020-06-03,1,300,0,0,1,0
278,6,2020,2020-06-20,0,89,0,0,1,0
279,6,2020,2020-06-05,0,79,0,0,1,0
280,6,2020,2020-06-06,2,107,0,0,1,0
281,6,2020,2020-06-06,4,1837,0,0,1,0
282,6,2020,2020-06-11,3,100,0,0,1,0
283,6,2017,2017-06-16,207,134,0,0,1,0
284,6,2020,2020-06-16,1,18,0,0,1,0
285,6,2017,2017-06-18,205,26,0,0,1,0
286,6,2020,2020-06-19,3,217,0,0,1,0
287,6,2020,2020-06-18,4,130,0,0,1,0
288,6,2020,2020-06-17,1,165,0,0,1,0
289,6,2017,2017-06-16,207,32,0,0,1,0
290,6,2017,2017-06-11,212,76,0,0,1,0
291,6,2017,2017-06-11,212,450,0,0,1,0
292,6,2017,2017-06-11,212,32,0,0,1,0
293,6,2017,2017-06-13,210,22,0,0,1,0
294,6,2017,2017-06-17,206,800,0,0,1,0
295,6,2017,2017-06-18,205,60,0,0,1,0
296,6,2017,2017-06-18,205,10,0,0,1,0
297,6,2017,2017-06-18,205,153,0,0,1,0
298,6,2017,2017-06-18,205,25,0,0,1,0
299,6,2020,2020-06-18,0,13,0,0,1,0
300,6,2018,2018-06-11,207,4064,0,0,1,0
301,6,2017,2017-06-27,196,670,0,0,1,0
302,6,2019,2019-06-05,6,1127,0,0,1,0
303,6,2018,2018-06-29,189,268,0,0,1,0
304,6,2018,2018-06-29,189,70,0,0,1,0
305,6,2018,2018-06-23,195,62,0,0,1,0
306,6,2018,2018-06-23,195,15185,0,0,1,0
307,6,2018,2018-06-23,195,268,0,0,1,0
308,6,2020,2020-06-17,5,83,0,0,1,0
309,6,2020,2020-06-17,0,95,0,0,1,0
310,6,2019,2019-06-07,4,600,0,0,1,0
311,6,2019,2019-06-08,9,70,0,0,1,0
312,6,2019,2019-06-08,9,2512,0,0,1,0
313,6,2019,2019-06-08,9,50,0,0,1,0
314,6,2019,2019-06-08,9,1350,0,0,1,0
315,6,2019,2019-06-12,12,1764,0,0,1,0
316,6,2019,2019-06-09,2,210,0,0,1,0
317,6,2019,2019-06-10,7,35,0,0,1,0
318,6,2019,2019-06-12,5,43,0,0,1,0
319,6,2019,2019-06-10,1,47,0,0,1,0
320,6,2018,2018-06-30,188,33,0,0,1,0
321,6,2019,2019-06-07,10,24,0,0,1,0
322,6,2019,2019-06-10,1,120,0,0,1,0
323,6,2018,2018-06-30,188,90288,0,0,1,0
324,6,2018,2018-06-14,204,20,0,0,1,0
325,6,2019,2019-06-15,9,17,0,0,1,0
326,6,2018,2018-06-13,205,70,0,0,1,0
327,6,2019,2019-06-14,3,17,0,0,1,0
328,6,2019,2019-06-16,5,10,0,0,1,0
329,6,2019,2019-06-20,1,120,0,0,1,0
330,6,2019,2019-06-17,7,207,0,0,1,0
331,6,2019,2019-06-21,3,525,0,0,1,0
332,6,2018,2018-06-29,189,30,0,0,1,0
333,6,2018,2018-06-27,191,63,0,0,1,0
334,6,2018,2018-06-27,191,441,0,0,1,0
335,6,2018,2018-06-14,204,20,0,0,1,0
336,6,2018,2018-06-24,194,1678,0,0,1,0
337,6,2018,2018-06-24,194,80,0,0,1,0
338,6,2018,2018-06-24,194,163,0,0,1,0
339,6,2018,2018-06-24,194,68,0,0,1,0
340,6,2018,2018-06-29,189,12300,0,0,1,0
341,6,2018,2018-06-29,189,10,0,0,1,0
342,6,2018,2018-06-23,195,3716,0,0,1,0
343,6,2018,2018-06-26,360,375,0,0,1,0
344,6,2018,2018-06-28,190,300,0,0,1,0
345,6,2018,2018-06-23,195,170,0,0,1,0
346,6,2018,2018-06-17,201,17,0,0,1,0
347,6,2018,2018-06-23,195,328,0,0,1,0
348,6,2018,2018-06-21,197,10,0,0,1,0
349,6,2018,2018-06-14,204,60,0,0,1,0
350,6,2019,2019-06-21,3,30,0,0,1,0
351,6,2018,2018-06-14,204,646,0,0,1,0
352,6,2018,2018-06-15,203,4564,0,0,1,0
353,6,2018,2018-06-15,203,60,0,0,1,0
354,6,2018,2018-06-15,203,53,0,0,1,0
355,6,2018,2018-06-16,202,40,0,0,1,0
356,6,2018,2018-06-16,202,32,0,0,1,0
357,6,2018,2018-06-16,202,25,0,0,1,0
358,6,2018,2018-06-17,201,20,0,0,1,0
359,6,2018,2018-06-17,201,185,0,0,1,0
360,6,2018,2018-06-18,200,115,0,0,1,0
361,6,2018,2018-06-19,199,40,0,0,1,0
362,6,2018,2018-06-19,199,10,0,0,1,0
363,6,2018,2018-06-20,198,1500,0,0,1,0
364,6,2018,2018-06-27,191,76,0,0,1,0
365,6,2018,2018-06-26,192,260,0,0,1,0
366,6,2018,2018-06-26,192,347,0,0,1,0
367,6,2017,2017-06-24,199,42,0,0,1,0
368,6,2019,2019-06-22,2,46,0,0,1,0
369,6,2019,2019-06-26,1,2422,0,0,1,0
370,6,2018,2018-06-03,215,11,0,0,1,0
371,6,2018,2018-06-03,215,17,0,0,1,0
372,6,2018,2018-06-03,215,35,0,0,1,0
373,6,2018,2018-06-03,215,12,0,0,1,0
374,6,2018,2018-06-03,215,37,0,0,1,0
375,6,2018,2018-06-03,215,38,0,0,1,0
376,6,2018,2018-06-03,215,10,0,0,1,0
377,6,2018,2018-06-04,214,1352,0,0,1,0
378,6,2017,2017-06-25,198,0,0,0,1,0
379,6,2017,2017-06-28,195,15,0,0,1,0
380,6,2017,2017-06-26,197,6309,0,0,1,0
381,6,2017,2017-06-25,198,36,0,0,1,0
382,6,2017,2017-06-26,197,19,0,0,1,0
383,6,2017,2017-06-26,197,1598,0,0,1,0
384,6,2017,2017-06-27,196,35,0,0,1,0
385,6,2017,2017-06-27,196,38,0,0,1,0
386,6,2017,2017-06-27,196,25,0,0,1,0
387,6,2018,2018-06-29,189,95,0,0,1,0
388,6,2017,2017-06-29,194,85,0,0,1,0
389,6,2017,2017-06-28,195,562,0,0,1,0
390,6,2017,2017-06-28,195,630,0,0,1,0
391,6,2017,2017-06-28,195,0,0,0,1,0
392,6,2017,2017-06-30,193,1200,0,0,1,0
393,6,2017,2017-06-29,194,42,0,0,1,0
394,6,2017,2017-06-29,194,55,0,0,1,0
395,6,2017,2017-06-29,194,41,0,0,1,0
396,6,2017,2017-06-23,200,0,0,0,1,0
397,6,2020,2020-06-17,1,89,0,0,1,0
398,6,2017,2017-06-25,198,760,0,0,1,0
399,6,2018,2018-06-03,215,10,0,0,1,0
400,6,2018,2018-06-02,216,13,0,0,1,0
401,6,2018,2018-06-02,216,10,0,0,1,0
402,6,2018,2018-06-02,216,175,0,0,1,0
403,6,2019,2019-06-10,14,15,0,0,1,0
404,6,2019,2019-06-26,0,2546,0,0,1,0
405,6,2019,2019-06-06,5,23,0,0,1,0
406,6,2019,2019-06-03,8,25,0,0,1,0
407,6,2016,2016-06-26,3,47,0,0,1,0
408,6,2019,2019-06-25,0,80,0,0,1,0
409,6,2018,2018-06-12,206,20,0,0,1,0
410,6,2018,2018-06-04,214,513,0,0,1,0
411,6,2018,2018-06-04,214,64,0,0,1,0
412,6,2018,2018-06-05,213,10,0,0,1,0
413,6,2018,2018-06-05,213,12,0,0,1,0
414,6,2018,2018-06-06,212,265,0,0,1,0
415,6,2018,2018-06-11,207,62,0,0,1,0
416,6,2018,2018-06-07,211,200,0,0,1,0
417,6,2019,2019-06-24,0,80,0,0,1,0
418,6,2018,2018-06-09,209,2956,0,0,1,0
419,6,2018,2018-06-09,209,12,0,0,1,0
420,6,2018,2018-06-09,209,175,0,0,1,0
421,6,2018,2018-06-09,209,96,0,0,1,0
422,6,2018,2018-06-12,206,215,0,0,1,0
423,6,2018,2018-06-13,205,60,0,0,1,0
424,6,2018,2018-06-11,207,155,0,0,1,0
425,6,2018,2018-06-12,206,154,0,0,1,0
426,6,2018,2018-06-04,214,300,0,0,1,0
427,6,2018,2018-06-04,214,1314,0,0,1,0
428,6,2018,2018-06-01,217,14,0,0,1,0
429,6,2018,2018-06-04,214,12,0,0,1,0
430,6,2018,2018-06-01,217,127,0,0,1,0
431,6,2018,2018-06-01,217,23,0,0,1,0
432,6,2018,2018-06-02,216,23,0,0,1,0
433,6,2018,2018-06-09,209,2290,0,0,1,0
434,6,2016,2016-06-23,18,48019,0,0,1,0
435,6,2020,2020-06-02,5,129,0,0,1,0
436,6,2016,2016-06-19,11,7609,0,0,1,0
437,6,2013,2013-06-02,0,100,0,0,1,0
438,6,2013,2013-06-01,2,500,0,0,1,0
439,6,2016,2016-06-04,3,139,0,0,1,0
440,6,2016,2016-06-04,15,0,0,0,1,0
441,6,2016,2016-06-20,0,112,0,0,1,0
442,6,2016,2016-06-27,2,86,0,0,1,0
443,6,2016,2016-06-11,1,24,0,0,1,0
444,6,2016,2016-06-17,4,210,0,0,1,0
445,6,2013,2013-06-17,2,46,0,0,1,0
446,6,2016,2016-06-18,2,70,0,0,1,0
447,6,2016,2016-06-11,0,80,0,0,1,0
448,6,2015,2015-06-15,0,67,0,0,1,0
449,6,2016,2016-06-11,1,61,0,0,1,0
450,6,2016,2016-06-12,0,83,0,0,1,0
451,6,2016,2016-06-07,154,2860,0,0,1,0
452,6,2020,2020-06-24,2,210,0,0,1,0
453,6,2014,2014-06-13,0,225,0,0,1,0
454,6,2014,2014-06-10,3,130,0,0,1,0
455,6,2015,2015-06-10,1,20,0,0,1,0
456,6,2014,2014-06-09,2,40,0,0,1,0
457,6,2014,2014-06-11,3,25,0,0,1,0
458,6,2013,2013-06-03,0,298,0,0,1,0
459,6,2015,2015-06-26,0,80,0,0,1,0
460,6,2013,2013-06-09,0,0,0,0,1,0
461,6,2013,2013-06-04,1,124,0,0,1,0
462,6,2013,2013-06-12,1,96,0,0,1,0
463,6,2013,2013-06-10,4,60,0,0,1,0
464,6,2013,2013-06-08,0,42,0,0,1,0
465,6,2013,2013-06-28,3,534,0,0,1,0
466,6,2013,2013-06-13,0,237,0,0,1,0
467,6,2013,2013-06-13,0,35,0,0,1,0
468,6,2013,2013-06-16,10,1708,0,0,1,0
469,6,2013,2013-06-16,2,482,0,0,1,0
470,6,2013,2013-06-18,0,124,0,0,1,0
471,6,2016,2016-06-04,16,2520,0,0,1,0
472,6,2016,2016-06-21,0,88,0,0,1,0
473,6,2013,2013-06-29,0,105,0,0,1,0
474,6,2014,2014-06-22,2,85,0,0,1,0
475,6,2016,2016-06-03,1,25,0,0,1,0
476,6,2016,2016-06-03,0,30,0,0,1,0
477,6,2016,2016-06-03,0,32,0,0,1,0
478,6,2016,2016-06-07,2,120,0,0,1,0
479,6,2016,2016-06-01,18,0,0,0,1,0
480,6,2013,2013-06-08,0,240,0,0,1,0
481,6,2013,2013-06-05,1,30,0,0,1,0
482,6,2016,2016-06-26,1,277,0,0,1,0
483,6,2013,2013-06-10,4,28,0,0,1,0
484,6,2013,2013-06-12,2,75,0,0,1,0
485,6,2020,2020-06-24,3,12,0,0,1,0
486,6,2014,2014-06-04,1,487,0,0,1,0
487,6,2015,2015-06-24,2,415,0,0,1,0
488,6,2020,2020-06-25,3,263,0,0,1,0
489,6,2020,2020-06-26,6,280,0,0,1,0
490,6,2020,2020-06-28,5,2192,0,0,1,0
491,6,2020,2020-06-28,0,33,0,0,1,0
492,6,2015,2015-06-19,3,0,0,0,1,0
493,6,2020,2020-06-29,0,12,0,0,1,0
494,6,2015,2015-06-24,1,533,0,0,1,0
495,6,2015,2015-06-19,1,60,0,0,1,0
496,6,2014,2014-06-05,1,269,0,0,1,0
497,6,2020,2020-06-30,3,136,0,0,1,0
498,6,2015,2015-06-21,2,135,0,0,1,0
499,6,2015,2015-06-18,7,920,0,0,1,0
500,6,2015,2015-06-18,4,158,0,0,1,0
501,6,2015,2015-06-17,45,31359,0,0,1,0
502,6,2015,2015-06-28,1,35,0,0,1,0
503,6,2015,2015-06-17,2,171,0,0,1,0
504,6,2015,2015-06-16,1,60,0,0,1,0
505,6,2015,2015-06-16,1,38,0,0,1,0
506,6,2020,2020-06-22,1,338,0,0,1,0
507,6,2020,2020-06-30,24,62,0,0,1,0
508,6,2015,2015-06-27,1,19,0,0,1,0
509,6,2015,2015-06-25,4,100,0,0,1,0
510,6,2020,2020-06-22,1,15,0,0,1,0
511,6,2015,2015-06-17,0,55,0,0,1,0
512,6,2014,2014-06-13,7,3895,0,0,1,0
513,6,2015,2015-06-10,19,1542,0,0,1,0
514,6,2016,2016-06-15,27,7474,0,0,1,0
515,6,2016,2016-06-21,0,43,0,0,1,0
516,6,2016,2016-06-27,3,33,0,0,1,0
517,6,2013,2013-06-25,0,150,0,0,1,0
518,6,2020,2020-06-25,1,202,0,0,1,0
519,6,2013,2013-06-14,1,40,0,0,1,0
520,6,2013,2013-06-20,0,25,0,0,1,0
521,6,2016,2016-06-23,1,52,0,0,1,0
522,6,2020,2020-06-23,3,19,0,0,1,0
523,6,2020,2020-06-23,3,563,0,0,1,0
524,6,2016,2016-06-21,0,49,0,0,1,0
525,6,2013,2013-06-13,0,108,0,0,1,0
526,7,2018,2018-07-25,163,247,0,0,1,0
527,7,2018,2018-07-14,174,14,0,0,1,0
528,7,2018,2018-07-25,163,39,0,0,1,0
529,7,2018,2018-07-19,169,282,0,0,1,0
530,7,2018,2018-07-12,176,116,0,0,1,0
531,7,2018,2018-07-15,173,56,0,0,1,0
532,7,2018,2018-07-20,168,63,0,0,1,0
533,7,2018,2018-07-15,173,224,0,0,1,0
534,7,2018,2018-07-15,173,16,0,0,1,0
535,7,2018,2018-07-15,173,32,0,0,1,0
536,7,2018,2018-07-19,169,40,0,0,1,0
537,7,2018,2018-07-20,168,13,0,0,1,0
538,7,2016,2016-07-18,2,100,0,0,1,0
539,7,2018,2018-07-24,164,167,0,0,1,0
540,7,2020,2020-07-07,2,25,0,0,1,0
541,7,2020,2020-07-09,0,10,0,0,1,0
542,7,2016,2016-07-15,1,123,0,0,1,0
543,7,2020,2020-07-03,2,157,0,0,1,0
544,7,2020,2020-07-11,4,108,0,0,1,0
545,7,2020,2020-07-13,2,33,0,0,1,0
546,7,2020,2020-07-13,2,91,0,0,1,0
547,7,2020,2020-07-13,13,29667,0,0,1,0
548,7,2018,2018-07-09,179,856,0,0,1,0
549,7,2020,2020-07-15,3,1508,0,0,1,0
550,7,2020,2020-07-15,3,48,0,0,1,0
551,7,2018,2018-07-23,165,229651,0,0,1,0
552,7,2018,2018-07-20,168,110,0,0,1,0
553,7,2018,2018-07-21,167,50,0,0,1,0
554,7,2018,2018-07-21,167,30,0,0,1,0
555,7,2018,2018-07-21,167,37,0,0,1,0
556,7,2018,2018-07-22,166,320,0,0,1,0
557,7,2018,2018-07-15,173,89,0,0,1,0
558,7,2018,2018-07-21,167,67,0,0,1,0
559,7,2018,2018-07-19,169,34,0,0,1,0
560,7,2018,2018-07-23,165,128,0,0,1,0
561,7,2018,2018-07-23,165,40,0,0,1,0
562,7,2018,2018-07-24,164,51,0,0,1,0
563,7,2018,2018-07-25,163,20,0,0,1,0
564,7,2018,2018-07-15,173,50,0,0,1,0
565,7,2018,2018-07-28,160,207,0,0,1,0
566,7,2018,2018-07-17,171,28,0,0,1,0
567,7,2017,2017-07-02,191,11,0,0,1,0
568,7,2017,2017-07-02,191,10,0,0,1,0
569,7,2017,2017-07-01,192,128,0,0,1,0
570,7,2015,2015-07-20,0,25,0,0,1,0
571,7,2015,2015-07-21,5,430,0,0,1,0
572,7,2015,2015-07-21,1,24,0,0,1,0
573,7,2015,2015-07-22,14,8051,0,0,1,0
574,7,2015,2015-07-23,6,75,0,0,1,0
575,7,2017,2017-07-02,191,14,0,0,1,0
576,7,2015,2015-07-23,3,116,0,0,1,0
577,7,2015,2015-07-24,2,167,0,0,1,0
578,7,2015,2015-07-04,1,23,0,0,1,0
579,7,2015,2015-07-24,1,25,0,0,1,0
580,7,2015,2015-07-06,2,150,0,0,1,0
581,7,2015,2015-07-04,0,170,0,0,1,0
582,7,2017,2017-07-07,186,58,0,0,1,0
583,7,2015,2015-07-24,8,158,0,0,1,0
584,7,2017,2017-07-02,191,1538,0,0,1,0
585,7,2015,2015-07-23,2,77,0,0,1,0
586,7,2017,2017-07-03,190,30,0,0,1,0
587,7,2017,2017-07-02,191,225,0,0,1,0
588,7,2017,2017-07-17,176,15,0,0,1,0
589,7,2017,2017-07-28,165,135,0,0,1,0
590,7,2017,2017-07-30,163,124,0,0,1,0
591,7,2017,2017-07-25,168,0,0,0,1,0
592,7,2017,2017-07-30,163,2289,0,0,1,0
593,7,2017,2017-07-19,174,0,0,0,1,0
594,7,2017,2017-07-18,175,58,0,0,1,0
595,7,2017,2017-07-18,175,72,0,0,1,0
596,7,2017,2017-07-18,175,180,0,0,1,0
597,7,2017,2017-07-07,186,74,0,0,1,0
598,7,2017,2017-07-18,175,1083,0,0,1,0
599,7,2017,2017-07-17,176,40,0,0,1,0
600,7,2017,2017-07-17,176,117,0,0,1,0
601,7,2017,2017-07-17,176,70,0,0,1,0
602,7,2017,2017-07-17,176,1649,0,0,1,0
603,7,2017,2017-07-17,176,20,0,0,1,0
604,7,2017,2017-07-16,177,81826,0,0,1,0
605,7,2017,2017-07-16,177,40,0,0,1,0
606,7,2017,2017-07-07,186,36,0,0,1,0
607,7,2017,2017-07-17,176,59,0,0,1,0
608,7,2017,2017-07-03,190,50,0,0,1,0
609,7,2017,2017-07-07,186,90,0,0,1,0
610,7,2017,2017-07-07,186,33,0,0,1,0
611,7,2018,2018-07-15,173,38134,0,0,1,0
612,7,2018,2018-07-27,161,18703,0,0,1,0
613,7,2018,2018-07-27,161,48920,0,0,1,0
614,7,2018,2018-07-27,161,100,0,0,1,0
615,7,2018,2018-07-27,161,410203,0,0,1,0
616,7,2020,2020-07-06,3,75,0,0,1,0
617,7,2018,2018-07-27,161,993,0,0,1,0
618,7,2018,2018-07-31,157,1200,0,0,1,0
619,7,2018,2018-07-31,157,338,0,0,1,0
620,7,2018,2018-07-31,157,972,0,0,1,0
621,7,2018,2018-07-28,160,135,0,0,1,0
622,7,2018,2018-07-29,159,35,0,0,1,0
623,7,2018,2018-07-27,161,365,0,0,1,0
624,7,2018,2018-07-18,170,77,0,0,1,0
625,7,2018,2018-07-25,163,34,0,0,1,0
626,7,2018,2018-07-19,169,43,0,0,1,0
627,7,2018,2018-07-18,170,822,0,0,1,0
628,7,2018,2018-07-17,171,10,0,0,1,0
629,7,2018,2018-07-26,162,205,0,0,1,0
630,7,2018,2018-07-28,160,30,0,0,1,0
631,7,2017,2017-07-04,189,35,0,0,1,0
632,7,2017,2017-07-04,189,57,0,0,1,0
633,7,2017,2017-07-07,186,6033,0,0,1,0
634,7,2017,2017-07-03,190,10,0,0,1,0
635,7,2017,2017-07-07,186,2940,0,0,1,0
636,7,2017,2017-07-06,187,0,0,0,1,0
637,7,2017,2017-07-06,187,28687,0,0,1,0
638,7,2017,2017-07-06,187,1626,0,0,1,0
639,7,2017,2017-07-05,188,22,0,0,1,0
640,7,2017,2017-07-05,188,91,0,0,1,0
641,7,2017,2017-07-08,185,62,0,0,1,0
642,7,2017,2017-07-08,185,74,0,0,1,0
643,7,2017,2017-07-06,187,2269,0,0,1,0
644,7,2017,2017-07-05,188,469,0,0,1,0
645,7,2017,2017-07-05,188,21,0,0,1,0
646,7,2017,2017-07-04,189,205,0,0,1,0
647,7,2017,2017-07-04,189,0,0,0,1,0
648,7,2017,2017-07-04,189,34,0,0,1,0
649,7,2017,2017-07-04,189,50,0,0,1,0
650,7,2017,2017-07-04,189,18,0,0,1,0
651,7,2017,2017-07-04,189,13,0,0,1,0
652,7,2018,2018-07-17,171,14,0,0,1,0
653,7,2020,2020-07-06,0,150,0,0,1,0
654,7,2015,2015-07-30,1,90,0,0,1,0
655,7,2020,2020-07-05,8,5513,0,0,1,0
656,7,2019,2019-07-30,13,280,0,0,1,0
657,7,2019,2019-07-30,1,13,0,0,1,0
658,7,2019,2019-07-17,3,128,0,0,1,0
659,7,2019,2019-07-16,1,81,0,0,1,0
660,7,2019,2019-07-15,0,47,0,0,1,0
661,7,2019,2019-07-15,1,213,0,0,1,0
662,7,2013,2013-07-22,64,22992,0,0,1,0
663,7,2019,2019-07-02,0,74,0,0,1,0
664,7,2019,2019-07-03,2,283,0,0,1,0
665,7,2019,2019-07-05,0,25,0,0,1,0
666,7,2019,2019-07-05,0,24,0,0,1,0
667,7,2019,2019-07-05,1,30,0,0,1,0
668,7,2019,2019-07-05,1,263,0,0,1,0
669,7,2019,2019-07-09,1,190,0,0,1,0
670,7,2019,2019-07-11,0,20,0,0,1,0
671,7,2019,2019-07-28,8,100,0,0,1,0
672,7,2019,2019-07-12,3,100,0,0,1,0
673,7,2019,2019-07-28,14,14217,0,0,1,0
674,7,2019,2019-07-18,0,35,0,0,1,0
675,7,2013,2013-07-15,15,27531,0,0,1,0
676,7,2013,2013-07-12,1,150,0,0,1,0
677,7,2013,2013-07-12,0,50,0,0,1,0
678,7,2013,2013-07-08,3,572,0,0,1,0
679,7,2013,2013-07-09,0,43,0,0,1,0
680,7,2013,2013-07-07,0,85,0,0,1,0
681,7,2013,2013-07-06,9,7055,0,0,1,0
682,7,2013,2013-07-06,0,38,0,0,1,0
683,7,2013,2013-07-04,0,50,0,0,1,0
684,7,2013,2013-07-04,0,200,0,0,1,0
685,7,2013,2013-07-03,2,502,0,0,1,0
686,7,2013,2013-07-01,0,492,0,0,1,0
687,7,2013,2013-07-25,1,75,0,0,1,0
688,7,2013,2013-07-28,0,25,0,0,1,0
689,7,2019,2019-07-17,1,25,0,0,1,0
690,7,2019,2019-07-18,2,27,0,0,1,0
691,7,2019,2019-07-12,5,80,0,0,1,0
692,7,2019,2019-07-12,0,22,0,0,1,0
693,7,2019,2019-07-13,0,96,0,0,1,0
694,7,2020,2020-07-20,23,22634,0,0,1,0
695,7,2020,2020-07-20,1,30,0,0,1,0
696,7,2020,2020-07-20,29,100,0,0,1,0
697,7,2020,2020-07-19,8,340,0,0,1,0
698,7,2013,2013-07-19,0,195,0,0,1,0
699,7,2013,2013-07-22,1,31,0,0,1,0
700,7,2013,2013-07-19,0,15,0,0,1,0
701,7,2013,2013-07-19,1,40,0,0,1,0
702,7,2013,2013-07-19,0,163,0,0,1,0
703,7,2013,2013-07-26,0,158,0,0,1,0
704,7,2013,2013-07-19,3,712,0,0,1,0
705,7,2013,2013-07-23,0,45,0,0,1,0
706,7,2013,2013-07-23,2,612,0,0,1,0
707,7,2013,2013-07-16,1,150,0,0,1,0
708,7,2013,2013-07-31,31,14754,0,0,1,0
709,7,2020,2020-07-30,1,233,0,0,1,0
710,7,2020,2020-07-30,15,220,0,0,1,0
711,7,2020,2020-07-30,1,104,0,0,1,0
712,7,2020,2020-07-29,3,185,0,0,1,0
713,7,2019,2019-07-14,2,193,0,0,1,0
714,7,2019,2019-07-14,1,131,0,0,1,0
715,7,2019,2019-07-15,1,202,0,0,1,0
716,7,2019,2019-07-08,1,974,0,0,1,0
717,7,2020,2020-07-29,1,730,0,0,1,0
718,7,2020,2020-07-20,0,75,0,0,1,0
719,7,2020,2020-07-20,1,71,0,0,1,0
720,7,2013,2013-07-08,0,73,0,0,1,0
721,7,2020,2020-07-20,1,135,0,0,1,0
722,7,2020,2020-07-24,27,83261,0,0,1,0
723,7,2020,2020-07-24,1,145,0,0,1,0
724,7,2020,2020-07-24,1,138,0,0,1,0
725,7,2020,2020-07-25,3,250,0,0,1,0
726,7,2020,2020-07-26,0,51,0,0,1,0
727,7,2020,2020-07-27,3,321,0,0,1,0
728,7,2020,2020-07-28,4,3022,0,0,1,0
729,7,2020,2020-07-21,22,120,0,0,1,0
730,7,2020,2020-07-05,5,1525,0,0,1,0
731,7,2013,2013-07-01,0,274,0,0,1,0
732,7,2020,2020-07-03,3,62,0,0,1,0
733,7,2015,2015-07-30,1,4863,0,0,1,0
734,7,2014,2014-07-03,4,1469,0,0,1,0
735,7,2014,2014-07-01,8,4300,0,0,1,0
736,7,2014,2014-07-09,0,30,0,0,1,0
737,7,2014,2014-07-11,15,12661,0,0,1,0
738,7,2014,2014-07-04,8,6488,0,0,1,0
739,7,2018,2018-07-04,184,316,0,0,1,0
740,7,2018,2018-07-06,182,10,0,0,1,0
741,7,2018,2018-07-02,186,45,0,0,1,0
742,7,2018,2018-07-06,182,504,0,0,1,0
743,7,2018,2018-07-01,187,215,0,0,1,0
744,7,2018,2018-07-10,178,12,0,0,1,0
745,7,2018,2018-07-14,174,33,0,0,1,0
746,7,2018,2018-07-04,184,63,0,0,1,0
747,7,2014,2014-07-01,2,15,0,0,1,0
748,7,2015,2015-07-28,0,40,0,0,1,0
749,7,2014,2014-07-01,2,1651,0,0,1,0
750,7,2015,2015-07-30,4,50,0,0,1,0
751,7,2015,2015-07-29,16,69438,0,0,1,0
752,7,2020,2020-07-05,1,343,0,0,1,0
753,7,2018,2018-07-09,179,80,0,0,1,0
754,7,2018,2018-07-06,182,100,0,0,1,0
755,7,2015,2015-07-25,18,2304,0,0,1,0
756,7,2015,2015-07-25,19,5702,0,0,1,0
757,7,2015,2015-07-31,101,151623,0,0,1,0
758,7,2015,2015-07-30,6,86,0,0,1,0
759,7,2015,2015-07-28,3,16,0,0,1,0
760,7,2015,2015-07-19,48,6980,0,0,1,0
761,7,2015,2015-07-29,5,400,0,0,1,0
762,7,2015,2015-07-29,2,75,0,0,1,0
763,7,2015,2015-07-29,3,212,0,0,1,0
764,7,2015,2015-07-29,6,204,0,0,1,0
765,7,2015,2015-07-30,0,195,0,0,1,0
766,7,2017,2017-07-28,165,63,0,0,1,0
767,7,2018,2018-07-09,179,11,0,0,1,0
768,7,2014,2014-07-03,3,217,0,0,1,0
769,7,2018,2018-07-04,184,191,0,0,1,0
770,7,2018,2018-07-05,183,38008,0,0,1,0
771,7,2014,2014-07-05,3,75,0,0,1,0
772,7,2014,2014-07-07,1,38,0,0,1,0
773,7,2014,2014-07-09,1,143,0,0,1,0
774,7,2014,2014-07-11,10,1680,0,0,1,0
775,7,2014,2014-07-14,2,72,0,0,1,0
776,7,2014,2014-07-25,8,4240,0,0,1,0
777,7,2014,2014-07-07,1,47,0,0,1,0
778,7,2014,2014-07-30,14,13153,0,0,1,0
779,7,2018,2018-07-05,183,90,0,0,1,0
780,7,2014,2014-07-31,25,32416,0,0,1,0
781,7,2014,2014-07-30,107,6258,0,0,1,0
782,7,2014,2014-07-31,18,5503,0,0,1,0
783,7,2014,2014-07-30,19,35302,0,0,1,0
784,7,2018,2018-07-04,184,75,0,0,1,0
785,7,2020,2020-07-04,1,108,0,0,1,0
786,7,2014,2014-07-30,16,39736,0,0,1,0
787,7,2014,2014-07-11,1,80,0,0,1,0
788,7,2018,2018-07-12,176,962,0,0,1,0
789,7,2018,2018-07-06,182,1350,0,0,1,0
790,7,2018,2018-07-06,182,825,0,0,1,0
791,7,2018,2018-07-13,175,2100,0,0,1,0
792,7,2018,2018-07-08,180,640,0,0,1,0
793,7,2018,2018-07-08,180,56,0,0,1,0
794,7,2018,2018-07-08,180,31,0,0,1,0
795,7,2018,2018-07-08,180,2883,0,0,1,0
796,7,2018,2018-07-11,177,278,0,0,1,0
797,7,2013,2013-07-02,2,754,0,0,1,0
798,7,2018,2018-07-14,174,52,0,0,1,0
799,7,2018,2018-07-10,178,70,0,0,1,0
800,7,2018,2018-07-10,178,11,0,0,1,0
801,7,2018,2018-07-08,180,62,0,0,1,0
802,7,2018,2018-07-13,175,96901,0,0,1,0
803,7,2018,2018-07-13,175,12,0,0,1,0
804,7,2018,2018-07-06,182,116,0,0,1,0
805,7,2018,2018-07-06,182,113,0,0,1,0
806,7,2018,2018-07-10,178,51,0,0,1,0
807,7,2017,2017-07-18,175,19,0,0,1,0
808,7,2020,2020-07-11,0,31,0,0,1,0
809,7,2015,2015-07-22,0,26,0,0,1,0
810,7,2017,2017-07-24,169,39,0,0,1,0
811,7,2017,2017-07-24,169,150,0,0,1,0
812,7,2017,2017-07-25,168,13,0,0,1,0
813,7,2017,2017-07-22,171,20,0,0,1,0
814,7,2017,2017-07-22,264,255,0,0,1,0
815,7,2017,2017-07-22,171,85,0,0,1,0
816,7,2017,2017-07-19,174,319,0,0,1,0
817,7,2017,2017-07-26,167,51,0,0,1,0
818,7,2017,2017-07-26,167,1286,0,0,1,0
819,7,2017,2017-07-20,173,416,0,0,1,0
820,7,2017,2017-07-19,267,103,0,0,1,0
821,7,2017,2017-07-23,170,0,0,0,1,0
822,7,2017,2017-07-26,167,140,0,0,1,0
823,7,2016,2016-07-22,0,57,0,0,1,0
824,7,2020,2020-07-01,2,2900,0,0,1,0
825,7,2020,2020-07-01,4,648,0,0,1,0
826,7,2020,2020-07-02,1,597,0,0,1,0
827,7,2016,2016-07-29,2,38,0,0,1,0
828,7,2016,2016-07-30,2,32,0,0,1,0
829,7,2016,2016-07-30,1,114,0,0,1,0
830,7,2016,2016-07-21,1,23,0,0,1,0
831,7,2016,2016-07-21,9,1245,0,0,1,0
832,7,2016,2016-07-21,1,57,0,0,1,0
833,7,2017,2017-07-23,170,78,0,0,1,0
834,7,2017,2017-07-29,164,690,0,0,1,0
835,7,2020,2020-07-15,0,500,0,0,1,0
836,7,2020,2020-07-16,3,253,0,0,1,0
837,7,2020,2020-07-17,3,119,0,0,1,0
838,7,2020,2020-07-18,10,557,0,0,1,0
839,7,2020,2020-07-18,30,9564,0,0,1,0
840,7,2020,2020-07-13,0,2,0,0,1,0
841,7,2017,2017-07-21,172,10,0,0,1,0
842,7,2016,2016-07-24,0,40,0,0,1,0
843,7,2017,2017-07-23,170,170,0,0,1,0
844,7,2017,2017-07-27,166,15,0,0,1,0
845,7,2016,2016-07-19,3,69,0,0,1,0
846,7,2016,2016-07-19,1,26,0,0,1,0
847,7,2016,2016-07-15,1,138,0,0,1,0
848,7,2016,2016-07-30,10,2241,0,0,1,0
849,7,2016,2016-07-13,2,78,0,0,1,0
850,7,2016,2016-07-01,1,30,0,0,1,0
851,7,2016,2016-07-13,1,221,0,0,1,0
852,7,2016,2016-07-01,0,88,0,0,1,0
853,7,2016,2016-07-15,0,84,0,0,1,0
854,7,2016,2016-07-02,6,310,0,0,1,0
855,7,2016,2016-07-01,4,2944,0,0,1,0
856,7,2016,2016-07-12,1,35,0,0,1,0
857,7,2016,2016-07-12,4,341,0,0,1,0
858,7,2016,2016-07-11,1,15,0,0,1,0
859,7,2016,2016-07-01,0,45,0,0,1,0
860,7,2016,2016-07-11,2,188,0,0,1,0
861,7,2016,2016-07-04,2,103,0,0,1,0
862,7,2017,2017-07-29,164,17,0,0,1,0
863,7,2017,2017-07-29,164,155,0,0,1,0
864,7,2017,2017-07-30,163,236,0,0,1,0
865,7,2017,2017-07-30,163,1350,0,0,1,0
866,7,2017,2017-07-31,162,11,0,0,1,0
867,7,2017,2017-07-31,162,100,0,0,1,0
868,7,2017,2017-07-28,165,57,0,0,1,0
869,7,2017,2017-07-31,162,200,0,0,1,0
870,7,2017,2017-07-12,181,191125,0,0,1,0
871,7,2016,2016-07-10,1,87,0,0,1,0
872,7,2016,2016-07-09,7,1109,0,0,1,0
873,7,2016,2016-07-01,7,1785,0,0,1,0
874,7,2016,2016-07-08,4,441,0,0,1,0
875,7,2016,2016-07-04,3,145,0,0,1,0
876,7,2017,2017-07-31,162,5247,0,0,1,0
877,7,2016,2016-07-22,2,28,0,0,1,0
878,7,2017,2017-07-08,185,370,0,0,1,0
879,7,2017,2017-07-11,182,83733,0,0,1,0
880,7,2015,2015-07-12,0,21,0,0,1,0
881,7,2015,2015-07-10,0,40,0,0,1,0
882,7,2015,2015-07-10,5,95,0,0,1,0
883,7,2017,2017-07-11,182,101,0,0,1,0
884,7,2017,2017-07-17,176,50,0,0,1,0
885,7,2017,2017-07-12,181,59,0,0,1,0
886,7,2015,2015-07-12,9,54,0,0,1,0
887,7,2017,2017-07-13,180,32,0,0,1,0
888,7,2017,2017-07-16,177,900,0,0,1,0
889,7,2017,2017-07-08,185,231,0,0,1,0
890,7,2017,2017-07-12,181,13,0,0,1,0
891,7,2017,2017-07-08,185,50,0,0,1,0
892,7,2015,2015-07-17,4,4250,0,0,1,0
893,7,2017,2017-07-13,180,10,0,0,1,0
894,7,2017,2017-07-12,181,46,0,0,1,0
895,7,2015,2015-07-17,18,200,0,0,1,0
896,7,2017,2017-07-29,164,4310,0,0,1,0
897,7,2016,2016-07-22,1,100,0,0,1,0
898,7,2017,2017-07-09,184,340,0,0,1,0
899,7,2015,2015-07-13,1,181,0,0,1,0
900,7,2015,2015-07-13,2,214,0,0,1,0
901,7,2015,2015-07-07,1,18,0,0,1,0
902,7,2017,2017-07-08,185,1816,0,0,1,0
903,7,2017,2017-07-08,185,29,0,0,1,0
904,7,2017,2017-07-09,184,48889,0,0,1,0
905,7,2017,2017-07-10,183,166,0,0,1,0
906,7,2017,2017-07-26,167,27276,0,0,1,0
907,7,2017,2017-07-10,183,747,0,0,1,0
908,7,2017,2017-07-10,183,70,0,0,1,0
909,7,2017,2017-07-13,180,410,0,0,1,0
910,7,2015,2015-07-16,1,25,0,0,1,0
911,7,2017,2017-07-08,185,18430,0,0,1,0
912,7,2017,2017-07-20,173,47,0,0,1,0
913,7,2017,2017-07-15,178,10,0,0,1,0
914,7,2017,2017-07-12,181,10,0,0,1,0
915,7,2017,2017-07-12,181,35,0,0,1,0
916,7,2016,2016-07-22,83,132127,0,0,1,0
917,7,2017,2017-07-11,182,400,0,0,1,0
918,7,2017,2017-07-14,272,460,0,0,1,0
919,7,2016,2016-07-22,1,50,0,0,1,0
920,8,2016,2016-08-18,12,0,0,0,1,0
921,8,2016,2016-08-13,13,3929,0,0,1,0
922,8,2016,2016-08-12,7,21,0,0,1,0
923,8,2016,2016-08-04,3,100,0,0,1,0
924,8,2019,2019-08-10,0,33,0,0,1,0
925,8,2014,2014-08-12,1,101,0,0,1,0
926,8,2019,2019-08-01,2,448,0,0,1,0
927,8,2019,2019-08-02,0,84,0,0,1,0
928,8,2019,2019-08-02,0,50,0,0,1,0
929,8,2019,2019-08-02,0,103,0,0,1,0
930,8,2019,2019-08-03,2,156,0,0,1,0
931,8,2019,2019-08-03,1,26,0,0,1,0
932,8,2019,2019-08-05,1,29,0,0,1,0
933,8,2019,2019-08-05,1,94,0,0,1,0
934,8,2016,2016-08-09,1,35,0,0,1,0
935,8,2019,2019-08-08,3,20,0,0,1,0
936,8,2019,2019-08-08,3,1020,0,0,1,0
937,8,2019,2019-08-09,9,1301,0,0,1,0
938,8,2013,2013-08-24,31,2060,0,0,1,0
939,8,2014,2014-08-24,4,580,0,0,1,0
940,8,2019,2019-08-12,0,20,0,0,1,0
941,8,2019,2019-08-03,3,757,0,0,1,0
942,8,2014,2014-08-18,9,4045,0,0,1,0
943,8,2014,2014-08-18,1,84,0,0,1,0
944,8,2019,2019-08-08,0,21,0,0,1,0
945,8,2017,2017-08-20,142,867,0,0,1,0
946,8,2017,2017-08-06,156,530,0,0,1,0
947,8,2017,2017-08-30,132,18618,0,0,1,0
948,8,2017,2017-08-21,141,200,0,0,1,0
949,8,2017,2017-08-03,159,7697,0,0,1,0
950,8,2020,2020-08-12,0,424,0,0,1,0
951,8,2020,2020-08-11,1,285,0,0,1,0
952,8,2020,2020-08-10,1,65,0,0,1,0
953,8,2020,2020-08-04,16,594,0,0,1,0
954,8,2015,2015-08-16,12,2446,0,0,1,0
955,8,2015,2015-08-15,1,112,0,0,1,0
956,8,2020,2020-08-06,1,277,0,0,1,0
957,8,2015,2015-08-24,1,22,0,0,1,0
958,8,2020,2020-08-12,47,31089,0,0,1,0
959,8,2020,2020-08-03,15,7760,0,0,1,0
960,8,2015,2015-08-13,5,114,0,0,1,0
961,8,2020,2020-08-10,2,177,0,0,1,0
962,8,2017,2017-08-13,149,1044,0,0,1,0
963,8,2020,2020-08-15,4,312,0,0,1,0
964,8,2020,2020-08-04,1,280,0,0,1,0
965,8,2016,2016-08-16,46,29322,0,0,1,0
966,8,2017,2017-08-02,160,2295,0,0,1,0
967,8,2017,2017-08-29,133,6042,0,0,1,0
968,8,2016,2016-08-16,7,36274,0,0,1,0
969,8,2016,2016-08-02,10,5731,0,0,1,0
970,8,2017,2017-08-30,132,28,0,0,1,0
971,8,2016,2016-08-03,1,80,0,0,1,0
972,8,2017,2017-08-29,133,55,0,0,1,0
973,8,2015,2015-08-03,2,30,0,0,1,0
974,8,2015,2015-08-02,2,75,0,0,1,0
975,8,2017,2017-08-15,147,78698,0,0,1,0
976,8,2015,2015-08-01,3,52,0,0,1,0
977,8,2017,2017-08-02,160,32,0,0,1,0
978,8,2015,2015-08-09,1,55,0,0,1,0
979,8,2015,2015-08-10,5,543,0,0,1,0
980,8,2015,2015-08-08,1,110,0,0,1,0
981,8,2015,2015-08-09,16,25118,0,0,1,0
982,8,2015,2015-08-03,1,59,0,0,1,0
983,8,2017,2017-08-20,142,186,0,0,1,0
984,8,2017,2017-08-26,136,40,0,0,1,0
985,8,2017,2017-08-31,203,30,0,0,1,0
986,8,2017,2017-08-04,158,122,0,0,1,0
987,8,2017,2017-08-31,131,34,0,0,1,0
988,8,2019,2019-08-28,7,3380,0,0,1,0
989,8,2019,2019-08-27,0,12,0,0,1,0
990,8,2019,2019-08-25,0,80,0,0,1,0
991,8,2019,2019-08-24,3,2438,0,0,1,0
992,8,2019,2019-08-22,1,34,0,0,1,0
993,8,2019,2019-08-22,4,600,0,0,1,0
994,8,2019,2019-08-21,0,139,0,0,1,0
995,8,2019,2019-08-16,1,1507,0,0,1,0
996,8,2019,2019-08-15,1,35,0,0,1,0
997,8,2019,2019-08-15,1,80,0,0,1,0
998,8,2019,2019-08-15,2,156,0,0,1,0
999,8,2019,2019-08-14,0,20,0,0,1,0
1000,8,2019,2019-08-24,3,131,0,0,1,0
1001,8,2019,2019-08-12,5,225,0,0,1,0
1002,8,2017,2017-08-02,160,32,0,0,1,0
1003,8,2019,2019-08-31,0,19,0,0,1,0
1004,8,2017,2017-08-14,148,545,0,0,1,0
1005,8,2019,2019-08-25,3,25,0,0,1,0
1006,8,2016,2016-08-12,2,25,0,0,1,0
1007,8,2017,2017-08-13,149,41,0,0,1,0
1008,8,2017,2017-08-11,151,775,0,0,1,0
1009,8,2019,2019-08-14,0,16,0,0,1,0
1010,8,2019,2019-08-13,0,81,0,0,1,0
1011,8,2019,2019-08-12,1,46,0,0,1,0
1012,8,2017,2017-08-01,161,8094,0,0,1,0
1013,8,2017,2017-08-14,148,7000,0,0,1,0
1014,8,2017,2017-08-03,159,85,0,0,1,0
1015,8,2017,2017-08-02,160,460,0,0,1,0
1016,8,2017,2017-08-17,145,17,0,0,1,0
1017,8,2017,2017-08-02,160,70,0,0,1,0
1018,8,2016,2016-08-09,1,36,0,0,1,0
1019,8,2016,2016-08-09,1,45,0,0,1,0
1020,8,2016,2016-08-07,9,8110,0,0,1,0
1021,8,2016,2016-08-09,9,7050,0,0,1,0
1022,8,2016,2016-08-05,1,26,0,0,1,0
1023,8,2017,2017-08-30,132,21846,0,0,1,0
1024,8,2017,2017-08-01,161,20,0,0,1,0
1025,8,2017,2017-08-29,133,8925,0,0,1,0
1026,8,2017,2017-08-05,157,50,0,0,1,0
1027,8,2020,2020-08-13,53,4237,0,0,1,0
1028,8,2017,2017-08-08,154,62,0,0,1,0
1029,8,2017,2017-08-03,159,30,0,0,1,0
1030,8,2017,2017-08-03,159,10,0,0,1,0
1031,8,2017,2017-08-03,159,325,0,0,1,0
1032,8,2014,2014-08-11,3,0,0,0,1,0
1033,8,2016,2016-08-13,24,46344,0,0,1,0
1034,8,2017,2017-08-28,134,54,0,0,1,0
1035,8,2014,2014-08-16,1,20,0,0,1,0
1036,8,2014,2014-08-17,117,274,0,0,1,0
1037,8,2013,2013-08-24,6,97,0,0,1,0
1038,8,2013,2013-08-24,0,38,0,0,1,0
1039,8,2017,2017-08-30,132,102,0,0,1,0
1040,8,2014,2014-08-14,120,190,0,0,1,0
1041,8,2017,2017-08-06,156,1020,0,0,1,0
1042,8,2017,2017-08-19,143,168,0,0,1,0
1043,8,2016,2016-08-04,2,85,0,0,1,0
1044,8,2017,2017-08-07,155,92,0,0,1,0
1045,8,2017,2017-08-30,132,392,0,0,1,0
1046,8,2013,2013-08-03,0,0,0,0,1,0
1047,8,2013,2013-08-07,5,20292,0,0,1,0
1048,8,2017,2017-08-30,132,27,0,0,1,0
1049,8,2013,2013-08-17,20,257314,0,0,1,0
1050,8,2013,2013-08-31,1,80,0,0,1,0
1051,8,2013,2013-08-31,0,52,0,0,1,0
1052,8,2017,2017-08-13,149,19,0,0,1,0
1053,8,2017,2017-08-11,151,114,0,0,1,0
1054,8,2017,2017-08-10,152,15,0,0,1,0
1055,8,2017,2017-08-11,151,100,0,0,1,0
1056,8,2017,2017-08-10,152,338,0,0,1,0
1057,8,2014,2014-08-18,7,612,0,0,1,0
1058,8,2017,2017-08-07,155,4736,0,0,1,0
1059,8,2017,2017-08-07,155,82,0,0,1,0
1060,8,2017,2017-08-06,156,859,0,0,1,0
1061,8,2020,2020-08-14,0,110,0,0,1,0
1062,8,2020,2020-08-12,0,183,0,0,1,0
1063,8,2020,2020-08-16,1,20,0,0,1,0
1064,8,2016,2016-08-24,6,710,0,0,1,0
1065,8,2018,2018-08-01,156,106,0,0,1,0
1066,8,2013,2013-08-05,9,1070,0,0,1,0
1067,8,2016,2016-08-30,1,20,0,0,1,0
1068,8,2016,2016-08-26,3,518,0,0,1,0
1069,8,2016,2016-08-22,78,395,0,0,1,0
1070,8,2016,2016-08-28,3,450,0,0,1,0
1071,8,2016,2016-08-31,5,150,0,0,1,0
1072,8,2016,2016-08-26,4,88,0,0,1,0
1073,8,2013,2013-08-19,4,196,0,0,1,0
1074,8,2016,2016-08-22,13,599,0,0,1,0
1075,8,2016,2016-08-20,0,147,0,0,1,0
1076,8,2016,2016-08-27,1,33867,0,0,1,0
1077,8,2016,2016-08-28,0,304,0,0,1,0
1078,8,2018,2018-08-16,141,3674,0,0,1,0
1079,8,2016,2016-08-18,0,400,0,0,1,0
1080,8,2018,2018-08-09,148,1900,0,0,1,0
1081,8,2013,2013-08-04,0,60,0,0,1,0
1082,8,2017,2017-08-01,161,19,0,0,1,0
1083,8,2013,2013-08-20,0,413,0,0,1,0
1084,8,2020,2020-08-18,44,396624,0,0,1,0
1085,8,2020,2020-08-18,3,820,0,0,1,0
1086,8,2020,2020-08-17,46,363220,0,0,1,0
1087,8,2020,2020-08-19,51,19609,0,0,1,0
1088,8,2020,2020-08-19,0,55,0,0,1,0
1089,8,2020,2020-08-14,12,47029,0,0,1,0
1090,8,2020,2020-08-20,2,45,0,0,1,0
1091,8,2013,2013-08-23,6,11429,0,0,1,0
1092,8,2020,2020-08-21,5,143,0,0,1,0
1093,8,2020,2020-08-23,24,0,0,0,1,0
1094,8,2020,2020-08-18,45,4929,0,0,1,0
1095,8,2020,2020-08-26,5,567,0,0,1,0
1096,8,2020,2020-08-28,2,290,0,0,1,0
1097,8,2020,2020-08-30,0,688,0,0,1,0
1098,8,2018,2018-08-09,148,10,0,0,1,0
1099,8,2017,2017-08-24,138,2312,0,0,1,0
1100,8,2020,2020-08-22,18,29570,0,0,1,0
1101,8,2018,2018-08-17,140,30,0,0,1,0
1102,8,2013,2013-08-01,3,92,0,0,1,0
1103,8,2013,2013-08-07,0,38,0,0,1,0
1104,8,2013,2013-08-10,20,27440,0,0,1,0
1105,8,2018,2018-08-03,154,2950,0,0,1,0
1106,8,2013,2013-08-09,3,97,0,0,1,0
1107,8,2018,2018-08-04,153,22,0,0,1,0
1108,8,2018,2018-08-05,152,136,0,0,1,0
1109,8,2013,2013-08-16,0,40,0,0,1,0
1110,8,2016,2016-08-30,1,36,0,0,1,0
1111,8,2013,2013-08-16,6,2462,0,0,1,0
1112,8,2018,2018-08-04,153,30,0,0,1,0
1113,8,2013,2013-08-17,2,46,0,0,1,0
1114,8,2013,2013-08-17,1,110,0,0,1,0
1115,8,2018,2018-08-01,156,36450,0,0,1,0
1116,8,2016,2016-08-10,1,35,0,0,1,0
1117,8,2013,2013-08-18,7,513,0,0,1,0
1118,8,2013,2013-08-18,6,794,0,0,1,0
1119,8,2016,2016-08-02,1,550,0,0,1,0
1120,8,2013,2013-08-16,2,70,0,0,1,0
1121,8,2013,2013-08-05,4,1383,0,0,1,0
1122,8,2018,2018-08-06,151,35,0,0,1,0
1123,8,2018,2018-08-09,148,250,0,0,1,0
1124,8,2018,2018-08-06,151,23136,0,0,1,0
1125,8,2013,2013-08-10,2,12503,0,0,1,0
1126,8,2013,2013-08-15,0,50,0,0,1,0
1127,8,2018,2018-08-06,151,14,0,0,1,0
1128,8,2018,2018-08-01,156,67,0,0,1,0
1129,8,2018,2018-08-01,156,66,0,0,1,0
1130,8,2018,2018-08-01,156,700,0,0,1,0
1131,8,2013,2013-08-14,0,27,0,0,1,0
1132,8,2018,2018-08-06,151,2225,0,0,1,0
1133,8,2013,2013-08-16,0,116,0,0,1,0
1134,8,2018,2018-08-07,150,117,0,0,1,0
1135,8,2018,2018-08-06,151,2995,0,0,1,0
1136,8,2018,2018-08-16,141,114,0,0,1,0
1137,8,2013,2013-08-08,5,243,0,0,1,0
1138,8,2018,2018-08-09,148,46150,0,0,1,0
1139,8,2018,2018-08-22,135,23,0,0,1,0
1140,8,2018,2018-08-06,151,290,0,0,1,0
1141,8,2018,2018-08-27,130,88,0,0,1,0
1142,8,2020,2020-08-20,10,2857,0,0,1,0
1143,8,2017,2017-08-13,149,125,0,0,1,0
1144,8,2017,2017-08-22,140,200,0,0,1,0
1145,8,2018,2018-08-26,131,103,0,0,1,0
1146,8,2020,2020-08-02,3,560,0,0,1,0
1147,8,2018,2018-08-27,130,36,0,0,1,0
1148,8,2020,2020-08-17,2,14,0,0,1,0
1149,8,2017,2017-08-23,139,31,0,0,1,0
1150,8,2017,2017-08-26,136,62,0,0,1,0
1151,8,2017,2017-08-26,136,157,0,0,1,0
1152,8,2017,2017-08-07,155,3142,0,0,1,0
1153,8,2017,2017-08-26,136,111,0,0,1,0
1154,8,2017,2017-08-28,134,40,0,0,1,0
1155,8,2018,2018-08-30,127,60,0,0,1,0
1156,8,2017,2017-08-29,366,4016,0,0,1,0
1157,8,2017,2017-08-27,135,44,0,0,1,0
1158,8,2020,2020-08-02,1,600,0,0,1,0
1159,8,2017,2017-08-29,133,36556,0,0,1,0
1160,8,2017,2017-08-28,134,10,0,0,1,0
1161,8,2017,2017-08-27,135,69,0,0,1,0
1162,8,2017,2017-08-27,135,46,0,0,1,0
1163,8,2017,2017-08-27,135,18,0,0,1,0
1164,8,2018,2018-08-25,132,32,0,0,1,0
1165,8,2017,2017-08-28,134,54,0,0,1,0
1166,8,2020,2020-08-18,3,62,0,0,1,0
1167,8,2020,2020-08-01,44,684,0,0,1,0
1168,8,2020,2020-08-16,37,86509,0,0,1,0
1169,8,2020,2020-08-02,2,120,0,0,1,0
1170,8,2020,2020-08-02,8,6882,0,0,1,0
1171,8,2020,2020-08-02,2,52,0,0,1,0
1172,8,2020,2020-08-02,0,36,0,0,1,0
1173,8,2020,2020-08-01,8,1962,0,0,1,0
1174,8,2017,2017-08-29,133,12407,0,0,1,0
1175,8,2020,2020-08-01,44,178,0,0,1,0
1176,8,2017,2017-08-14,148,39715,0,0,1,0
1177,8,2020,2020-08-13,1,512,0,0,1,0
1178,8,2015,2015-08-19,3,2700,0,0,1,0
1179,8,2020,2020-08-16,1,727,0,0,1,0
1180,8,2020,2020-08-16,87,1032648,0,0,1,0
1181,8,2018,2018-08-23,134,289,0,0,1,0
1182,8,2018,2018-08-19,138,10,0,0,1,0
1183,8,2018,2018-08-19,138,1014,0,0,1,0
1184,8,2018,2018-08-19,138,155,0,0,1,0
1185,8,2018,2018-08-18,139,367,0,0,1,0
1186,8,2020,2020-08-17,11,705,0,0,1,0
1187,8,2015,2015-08-03,1,10570,0,0,1,0
1188,8,2020,2020-08-17,11,0,0,0,1,0
1189,8,2018,2018-08-15,142,39387,0,0,1,0
1190,8,2018,2018-08-26,131,48,0,0,1,0
1191,8,2018,2018-08-11,146,650,0,0,1,0
1192,8,2020,2020-08-17,2,275,0,0,1,0
1193,8,2015,2015-08-22,5,215,0,0,1,0
1194,8,2015,2015-08-23,19,55,0,0,1,0
1195,8,2015,2015-08-25,4,128,0,0,1,0
1196,8,2018,2018-08-15,142,668,0,0,1,0
1197,8,2015,2015-08-29,1,30,0,0,1,0
1198,8,2020,2020-08-03,3,200,0,0,1,0
1199,8,2018,2018-08-17,140,34,0,0,1,0
1200,8,2018,2018-08-12,145,16,0,0,1,0
1201,8,2018,2018-08-13,144,100,0,0,1,0
1202,8,2018,2018-08-10,147,2162,0,0,1,0
1203,8,2018,2018-08-31,126,125,0,0,1,0
1204,9,2019,2019-09-30,0,19,1,0,0,0
1205,9,2013,2013-09-09,6,8073,1,0,0,0
1206,9,2019,2019-09-05,13,244,1,0,0,0
1207,9,2017,2017-09-03,128,1035,1,0,0,0
1208,9,2019,2019-09-29,0,22,1,0,0,0
1209,9,2019,2019-09-25,0,52,1,0,0,0
1210,9,2017,2017-09-23,108,25,1,0,0,0
1211,9,2017,2017-09-03,128,1749,1,0,0,0
1212,9,2017,2017-09-03,128,100,1,0,0,0
1213,9,2020,2020-09-08,62,0,1,0,0,0
1214,9,2020,2020-09-07,7,1100,1,0,0,0
1215,9,2020,2020-09-05,19,16390,1,0,0,0
1216,9,2020,2020-09-05,72,22744,1,0,0,0
1217,9,2020,2020-09-01,1,13,1,0,0,0
1218,9,2020,2020-09-01,9,0,1,0,0,0
1219,9,2017,2017-09-01,130,25,1,0,0,0
1220,9,2013,2013-09-11,1,73,1,0,0,0
1221,9,2013,2013-09-24,0,94,1,0,0,0
1222,9,2013,2013-09-08,16,134,1,0,0,0
1223,9,2013,2013-09-08,6,3111,1,0,0,0
1224,9,2013,2013-09-07,0,41,1,0,0,0
1225,9,2020,2020-09-12,58,1185,1,0,0,0
1226,9,2020,2020-09-16,2,111,1,0,0,0
1227,9,2017,2017-09-01,130,130,1,0,0,0
1228,9,2020,2020-09-27,23,67484,1,0,0,0
1229,9,2017,2017-09-10,121,34,1,0,0,0
1230,9,2020,2020-09-09,5,1311,1,0,0,0
1231,9,2020,2020-09-08,1,45,1,0,0,0
1232,9,2020,2020-09-09,8,45,1,0,0,0
1233,9,2020,2020-09-11,10,50,1,0,0,0
1234,9,2017,2017-09-03,128,79,1,0,0,0
1235,9,2020,2020-09-28,2,230,1,0,0,0
1236,9,2017,2017-09-05,126,21,1,0,0,0
1237,9,2020,2020-09-29,1,227,1,0,0,0
1238,9,2017,2017-09-03,128,120,1,0,0,0
1239,9,2017,2017-09-02,129,3874,1,0,0,0
1240,9,2017,2017-09-03,128,100,1,0,0,0
1241,9,2013,2013-09-28,1,98,1,0,0,0
1242,9,2017,2017-09-03,128,680,1,0,0,0
1243,9,2013,2013-09-15,0,30,1,0,0,0
1244,9,2013,2013-09-09,3,263,1,0,0,0
1245,9,2017,2017-09-01,130,7194,1,0,0,0
1246,9,2013,2013-09-07,2,68,1,0,0,0
1247,9,2013,2013-09-24,6,200,1,0,0,0
1248,9,2017,2017-09-01,130,1319,1,0,0,0
1249,9,2013,2013-09-05,19,97,1,0,0,0
1250,9,2020,2020-09-30,3,48,1,0,0,0
1251,9,2020,2020-09-16,14,2188,1,0,0,0
1252,9,2013,2013-09-23,5,268,1,0,0,0
1253,9,2020,2020-09-27,16,56338,1,0,0,0
1254,9,2016,2016-09-07,2,50,1,0,0,0
1255,9,2015,2015-09-22,3,30,1,0,0,0
1256,9,2017,2017-09-12,119,200,1,0,0,0
1257,9,2017,2017-09-11,120,10,1,0,0,0
1258,9,2017,2017-09-05,126,2575,1,0,0,0
1259,9,2017,2017-09-11,120,43,1,0,0,0
1260,9,2017,2017-09-26,105,74,1,0,0,0
1261,9,2017,2017-09-07,124,0,1,0,0,0
1262,9,2017,2017-09-07,124,25,1,0,0,0
1263,9,2017,2017-09-23,108,55,1,0,0,0
1264,9,2017,2017-09-26,105,26,1,0,0,0
1265,9,2017,2017-09-28,103,143,1,0,0,0
1266,9,2017,2017-09-26,105,105,1,0,0,0
1267,9,2018,2018-09-09,117,166,1,0,0,0
1268,9,2018,2018-09-01,125,172,1,0,0,0
1269,9,2018,2018-09-02,124,15,1,0,0,0
1270,9,2018,2018-09-03,123,24,1,0,0,0
1271,9,2018,2018-09-03,123,1120,1,0,0,0
1272,9,2018,2018-09-04,122,150,1,0,0,0
1273,9,2018,2018-09-04,122,13,1,0,0,0
1274,9,2018,2018-09-08,118,573,1,0,0,0
1275,9,2018,2018-09-04,122,1751,1,0,0,0
1276,9,2018,2018-09-05,121,63311,1,0,0,0
1277,9,2018,2018-09-04,122,6974,1,0,0,0
1278,9,2017,2017-09-11,120,50,1,0,0,0
1279,9,2015,2015-09-02,1,72,1,0,0,0
1280,9,2017,2017-09-25,106,28,1,0,0,0
1281,9,2017,2017-09-20,111,10,1,0,0,0
1282,9,2017,2017-09-20,111,245,1,0,0,0
1283,9,2017,2017-09-20,111,48,1,0,0,0
1284,9,2017,2017-09-19,112,237,1,0,0,0
1285,9,2017,2017-09-19,198,155,1,0,0,0
1286,9,2017,2017-09-19,112,146,1,0,0,0
1287,9,2017,2017-09-18,113,429,1,0,0,0
1288,9,2017,2017-09-17,114,136,1,0,0,0
1289,9,2015,2015-09-09,36,70868,1,0,0,0
1290,9,2017,2017-09-12,119,13417,1,0,0,0
1291,9,2015,2015-09-19,2,95,1,0,0,0
1292,9,2015,2015-09-19,8,1086,1,0,0,0
1293,9,2017,2017-09-12,119,12,1,0,0,0
1294,9,2017,2017-09-12,119,995,1,0,0,0
1295,9,2015,2015-09-11,2,109,1,0,0,0
1296,9,2015,2015-09-11,6,1042,1,0,0,0
1297,9,2015,2015-09-09,2,170,1,0,0,0
1298,9,2015,2015-09-09,1,40,1,0,0,0
1299,9,2015,2015-09-08,7,108,1,0,0,0
1300,9,2017,2017-09-12,119,58,1,0,0,0
1301,9,2018,2018-09-13,113,400,1,0,0,0
1302,9,2018,2018-09-10,116,152,1,0,0,0
1303,9,2018,2018-09-12,114,200,1,0,0,0
1304,9,2016,2016-09-11,11,2575,1,0,0,0
1305,9,2016,2016-09-17,3,47,1,0,0,0
1306,9,2016,2016-09-17,26,2652,1,0,0,0
1307,9,2016,2016-09-26,358,4474,1,0,0,0
1308,9,2016,2016-09-26,10,248,1,0,0,0
1309,9,2016,2016-09-17,10,12518,1,0,0,0
1310,9,2018,2018-09-16,110,51,1,0,0,0
1311,9,2016,2016-09-25,4,1547,1,0,0,0
1312,9,2016,2016-09-25,0,100,1,0,0,0
1313,9,2016,2016-09-17,1,5443,1,0,0,0
1314,9,2016,2016-09-23,1,70,1,0,0,0
1315,9,2016,2016-09-23,2,45,1,0,0,0
1316,9,2016,2016-09-20,0,300,1,0,0,0
1317,9,2016,2016-09-22,5,215,1,0,0,0
1318,9,2016,2016-09-22,1,130,1,0,0,0
1319,9,2016,2016-09-01,1,25,1,0,0,0
1320,9,2016,2016-09-07,3,38,1,0,0,0
1321,9,2016,2016-09-03,1,20,1,0,0,0
1322,9,2016,2016-09-05,7,850,1,0,0,0
1323,9,2016,2016-09-10,5,50,1,0,0,0
1324,9,2016,2016-09-26,8,1080,1,0,0,0
1325,9,2016,2016-09-11,3,380,1,0,0,0
1326,9,2016,2016-09-12,1,32,1,0,0,0
1327,9,2016,2016-09-16,3,30,1,0,0,0
1328,9,2018,2018-09-14,112,25,1,0,0,0
1329,9,2018,2018-09-20,106,12,1,0,0,0
1330,9,2018,2018-09-22,104,360,1,0,0,0
1331,9,2018,2018-09-22,104,3380,1,0,0,0
1332,9,2018,2018-09-22,104,53,1,0,0,0
1333,9,2017,2017-09-29,102,35,1,0,0,0
1334,9,2017,2017-09-29,102,40,1,0,0,0
1335,9,2018,2018-09-28,98,261,1,0,0,0
1336,9,2018,2018-09-28,98,76,1,0,0,0
1337,9,2018,2018-09-23,103,30,1,0,0,0
1338,9,2018,2018-09-24,102,33,1,0,0,0
1339,9,2018,2018-09-26,100,53,1,0,0,0
1340,9,2018,2018-09-08,118,2490,1,0,0,0
1341,9,2017,2017-09-29,102,444,1,0,0,0
1342,9,2017,2017-09-27,104,18900,1,0,0,0
1343,9,2017,2017-09-25,184,2662,1,0,0,0
1344,9,2017,2017-09-26,105,22,1,0,0,0
1345,9,2016,2016-09-03,3,158,1,0,0,0
1346,9,2016,2016-09-13,4,150,1,0,0,0
1347,9,2018,2018-09-02,124,36,1,0,0,0
1348,9,2016,2016-09-13,0,360,1,0,0,0
1349,9,2016,2016-09-10,2,75,1,0,0,0
1350,9,2016,2016-09-11,1,40,1,0,0,0
1351,9,2019,2019-09-04,10,1926,1,0,0,0
1352,9,2019,2019-09-06,76,10296,1,0,0,0
1353,9,2017,2017-09-19,188,39,1,0,0,0
1354,9,2014,2014-09-04,1,70,1,0,0,0
1355,9,2014,2014-09-12,3,210,1,0,0,0
1356,9,2014,2014-09-11,4,27,1,0,0,0
1357,9,2014,2014-09-13,26,97717,1,0,0,0
1358,9,2014,2014-09-12,10,968,1,0,0,0
1359,9,2014,2014-09-13,5,247,1,0,0,0
1360,9,2019,2019-09-21,1,98,1,0,0,0
1361,9,2019,2019-09-23,1,83,1,0,0,0
1362,9,2019,2019-09-21,6,220,1,0,0,0
1363,9,2014,2014-09-14,8,320,1,0,0,0
1364,9,2014,2014-09-15,26,516,1,0,0,0
1365,9,2019,2019-09-05,8,8838,1,0,0,0
1366,9,2014,2014-09-14,3,94,1,0,0,0
1367,9,2019,2019-09-10,0,10,1,0,0,0
1368,9,2014,2014-09-25,0,20,1,0,0,0
1369,9,2019,2019-09-06,7,5737,1,0,0,0
1370,9,2019,2019-09-07,19,227,1,0,0,0
1371,9,2019,2019-09-05,0,44,1,0,0,0
1372,9,2019,2019-09-06,76,1975,1,0,0,0
1373,9,2019,2019-09-15,7,167,1,0,0,0
1374,9,2019,2019-09-06,6,58,1,0,0,0
1375,9,2019,2019-09-06,5,260,1,0,0,0
1376,9,2019,2019-09-05,88,5332,1,0,0,0
1377,9,2019,2019-09-07,5,280,1,0,0,0
1378,9,2019,2019-09-13,0,11,1,0,0,0
1379,9,2019,2019-09-07,6,496,1,0,0,0
1380,9,2019,2019-09-07,3,15,1,0,0,0
1381,9,2019,2019-09-07,1,250,1,0,0,0
1382,9,2019,2019-09-09,5,200,1,0,0,0
1383,9,2019,2019-09-21,3,128,1,0,0,0
1384,9,2019,2019-09-07,1,53,1,0,0,0
1385,9,2014,2014-09-10,6,1375,1,0,0,0
1386,9,2019,2019-09-24,0,16,1,0,0,0
1387,9,2019,2019-09-04,1,28,1,0,0,0
1388,9,2019,2019-09-01,1,66,1,0,0,0
1389,9,2019,2019-09-01,4,279,1,0,0,0
1390,9,2019,2019-09-02,0,11,1,0,0,0
1391,9,2019,2019-09-02,1,167,1,0,0,0
1392,9,2019,2019-09-02,4,15,1,0,0,0
1393,9,2019,2019-09-03,3,85,1,0,0,0
1394,9,2019,2019-09-03,3,10,1,0,0,0
1395,9,2019,2019-09-25,0,10,1,0,0,0
1396,9,2019,2019-09-04,0,17,1,0,0,0
1397,9,2019,2019-09-28,0,300,1,0,0,0
1398,10,2018,2018-10-24,72,120,1,0,0,0
1399,10,2019,2019-10-24,0,80,1,0,0,0
1400,10,2018,2018-10-30,66,550,1,0,0,0
1401,10,2013,2013-10-03,1,376,1,0,0,0
1402,10,2017,2017-10-02,99,100,1,0,0,0
1403,10,2017,2017-10-03,98,17,1,0,0,0
1404,10,2017,2017-10-03,98,20,1,0,0,0
1405,10,2019,2019-10-23,14,77758,1,0,0,0
1406,10,2019,2019-10-24,3,62,1,0,0,0
1407,10,2018,2018-10-19,77,58,1,0,0,0
1408,10,2019,2019-10-25,3,97,1,0,0,0
1409,10,2019,2019-10-25,2,37,1,0,0,0
1410,10,2018,2018-10-02,94,150,1,0,0,0
1411,10,2018,2018-10-02,94,32,1,0,0,0
1412,10,2018,2018-10-07,89,3889,1,0,0,0
1413,10,2018,2018-10-07,89,63,1,0,0,0
1414,10,2018,2018-10-10,86,15,1,0,0,0
1415,10,2018,2018-10-12,84,160,1,0,0,0
1416,10,2018,2018-10-14,82,12,1,0,0,0
1417,10,2018,2018-10-14,82,38,1,0,0,0
1418,10,2018,2018-10-15,81,10,1,0,0,0
1419,10,2019,2019-10-24,3,35,1,0,0,0
1420,10,2019,2019-10-27,1,605,1,0,0,0
1421,10,2017,2017-10-10,91,19,1,0,0,0
1422,10,2019,2019-10-27,1,150,1,0,0,0
1423,10,2016,2016-10-14,3,176,1,0,0,0
1424,10,2016,2016-10-11,9,2100,1,0,0,0
1425,10,2019,2019-10-10,0,9,1,0,0,0
1426,10,2019,2019-10-09,3,10,1,0,0,0
1427,10,2019,2019-10-18,1,137,1,0,0,0
1428,10,2019,2019-10-09,0,68,1,0,0,0
1429,10,2019,2019-10-09,2,289,1,0,0,0
1430,10,2019,2019-10-08,0,12,1,0,0,0
1431,10,2016,2016-10-20,60,10,1,0,0,0
1432,10,2019,2019-10-07,0,11,1,0,0,0
1433,10,2019,2019-10-06,1,526,1,0,0,0
1434,10,2019,2019-10-04,3,63,1,0,0,0
1435,10,2019,2019-10-03,1,18,1,0,0,0
1436,10,2019,2019-10-30,3,494,1,0,0,0
1437,10,2019,2019-10-31,3,328,1,0,0,0
1438,10,2019,2019-10-17,4,420,1,0,0,0
1439,10,2019,2019-10-21,1,11,1,0,0,0
1440,10,2019,2019-10-31,5,200,1,0,0,0
1441,10,2019,2019-10-07,0,29,1,0,0,0
1442,10,2018,2018-10-13,83,167,1,0,0,0
1443,10,2016,2016-10-29,51,4347,1,0,0,0
1444,10,2019,2019-10-10,0,42,1,0,0,0
1445,10,2017,2017-10-06,95,87,1,0,0,0
1446,10,2013,2013-10-06,3,40,1,0,0,0
1447,10,2013,2013-10-04,1,305,1,0,0,0
1448,10,2013,2013-10-05,4,2236,1,0,0,0
1449,10,2013,2013-10-04,1,159,1,0,0,0
1450,10,2019,2019-10-27,1,140,1,0,0,0
1451,10,2019,2019-10-27,7,703,1,0,0,0
1452,10,2019,2019-10-21,10,42,1,0,0,0
1453,10,2019,2019-10-10,3,350,1,0,0,0
1454,10,2019,2019-10-27,1,50,1,0,0,0
1455,10,2019,2019-10-10,0,40,1,0,0,0
1456,10,2019,2019-10-15,1,10,1,0,0,0
1457,10,2019,2019-10-14,2,75,1,0,0,0
1458,10,2019,2019-10-13,3,55,1,0,0,0
1459,10,2019,2019-10-11,1,200,1,0,0,0
1460,10,2019,2019-10-11,0,30,1,0,0,0
1461,10,2019,2019-10-10,21,8799,1,0,0,0
1462,10,2019,2019-10-10,2,75,1,0,0,0
1463,10,2019,2019-10-30,3,1806,1,0,0,0
1464,10,2017,2017-10-08,93,40,1,0,0,0
1465,10,2020,2020-10-04,2,21,1,0,0,0
1466,10,2017,2017-10-08,93,10,1,0,0,0
1467,10,2017,2017-10-15,170,184,1,0,0,0
1468,10,2017,2017-10-24,77,40,1,0,0,0
1469,10,2017,2017-10-09,92,1660,1,0,0,0
1470,10,2017,2017-10-26,75,50,1,0,0,0
1471,10,2017,2017-10-15,86,31,1,0,0,0
1472,10,2017,2017-10-17,84,1088,1,0,0,0
1473,10,2017,2017-10-18,83,13,1,0,0,0
1474,10,2017,2017-10-23,78,50,1,0,0,0
1475,10,2017,2017-10-10,91,23,1,0,0,0
1476,10,2017,2017-10-13,88,81,1,0,0,0
1477,10,2017,2017-10-24,77,86,1,0,0,0
1478,10,2017,2017-10-20,81,21,1,0,0,0
1479,10,2017,2017-10-21,80,100,1,0,0,0
1480,10,2016,2016-10-10,2,65,1,0,0,0
1481,10,2017,2017-10-13,88,73,1,0,0,0
1482,10,2017,2017-10-17,84,116,1,0,0,0
1483,10,2017,2017-10-08,124,2207,1,0,0,0
1484,10,2017,2017-10-14,173,100,1,0,0,0
1485,10,2017,2017-10-09,123,821,1,0,0,0
1486,10,2017,2017-10-09,92,150,1,0,0,0
1487,10,2017,2017-10-09,178,9217,1,0,0,0
1488,10,2017,2017-10-26,75,866,1,0,0,0
1489,10,2017,2017-10-26,75,194,1,0,0,0
1490,10,2017,2017-10-11,90,58,1,0,0,0
1491,10,2017,2017-10-09,123,17357,1,0,0,0
1492,10,2017,2017-10-16,85,391,1,0,0,0
1493,10,2017,2017-10-17,84,50,1,0,0,0
1494,10,2017,2017-10-14,87,148,1,0,0,0
1495,10,2017,2017-10-12,89,183,1,0,0,0
1496,10,2017,2017-10-15,86,25,1,0,0,0
1497,10,2017,2017-10-09,92,0,1,0,0,0
1498,10,2017,2017-10-13,88,426,1,0,0,0
1499,10,2017,2017-10-14,87,100,1,0,0,0
1500,10,2019,2019-10-31,6,9999,1,0,0,0
1501,10,2017,2017-10-08,93,20,1,0,0,0
1502,10,2017,2017-10-08,124,8417,1,0,0,0
1503,10,2017,2017-10-08,124,51624,1,0,0,0
1504,10,2017,2017-10-08,124,36807,1,0,0,0
1505,10,2017,2017-10-08,124,56556,1,0,0,0
1506,10,2017,2017-10-08,93,0,1,0,0,0
1507,10,2017,2017-10-09,123,6151,1,0,0,0
1508,10,2019,2019-10-27,1,200,1,0,0,0
1509,10,2020,2020-10-26,12,13964,1,0,0,0
1510,10,2020,2020-10-26,14,0,1,0,0,0
1511,10,2020,2020-10-26,12,12466,1,0,0,0
1512,10,2020,2020-10-25,0,5,1,0,0,0
1513,10,2020,2020-10-23,2,61,1,0,0,0
1514,10,2020,2020-10-22,0,6,1,0,0,0
1515,10,2020,2020-10-18,3,15,1,0,0,0
1516,10,2020,2020-10-15,1,170,1,0,0,0
1517,10,2020,2020-10-13,2,21,1,0,0,0
1518,10,2015,2015-10-29,11,21,1,0,0,0
1519,10,2015,2015-10-12,4,670,1,0,0,0
1520,10,2015,2015-10-02,0,104,1,0,0,0
1521,10,2017,2017-10-31,70,37,1,0,0,0
1522,10,2014,2014-10-16,1,48,1,0,0,0
1523,10,2017,2017-10-09,92,45,1,0,0,0
1524,10,2017,2017-10-07,94,20,1,0,0,0
1525,10,2017,2017-10-09,92,130,1,0,0,0
1526,10,2017,2017-10-09,123,76,1,0,0,0
1527,10,2017,2017-10-08,124,9989,1,0,0,0
1528,10,2020,2020-10-03,1,20,1,0,0,0
1529,10,2017,2017-10-10,91,29,1,0,0,0
1530,10,2020,2020-10-07,0,56,1,0,0,0
1531,10,2020,2020-10-11,1,30,1,0,0,0
1532,10,2017,2017-10-08,124,36523,1,0,0,0
1533,10,2019,2019-10-28,8,745,1,0,0,0
1534,11,2013,2013-11-08,1,51,0,0,0,1
1535,11,2017,2017-11-02,68,43,0,0,0,1
1536,11,2018,2018-11-15,50,150,0,0,0,1
1537,11,2018,2018-11-12,53,186,0,0,0,1
1538,11,2018,2018-11-16,49,10,0,0,0,1
1539,11,2018,2018-11-08,57,35,0,0,0,1
1540,11,2013,2013-11-14,1,64,0,0,0,1
1541,11,2013,2013-11-22,0,82,0,0,0,1
1542,11,2013,2013-11-22,5,3505,0,0,0,1
1543,11,2016,2016-11-14,0,4824,0,0,0,1
1544,11,2013,2013-11-23,1,50,0,0,0,1
1545,11,2017,2017-11-13,57,370,0,0,0,1
1546,11,2017,2017-11-14,56,40,0,0,0,1
1547,11,2017,2017-11-25,45,47,0,0,0,1
1548,11,2017,2017-11-29,41,99,0,0,0,1
1549,11,2013,2013-11-21,2,190,0,0,0,1
1550,11,2015,2015-11-07,0,50,0,0,0,1
1551,11,2016,2016-11-13,1,28,0,0,0,1
1552,11,2013,2013-11-23,1,23,0,0,0,1
1553,11,2018,2018-11-13,52,147,0,0,0,1
1554,11,2018,2018-11-14,51,20,0,0,0,1
1555,11,2018,2018-11-29,36,0,0,0,0,1
1556,11,2013,2013-11-04,0,163,0,0,0,1
1557,11,2013,2013-11-07,0,33,0,0,0,1
1558,11,2020,2020-11-17,0,49,0,0,0,1
1559,11,2020,2020-11-06,1,131,0,0,0,1
1560,11,2013,2013-11-08,2,120,0,0,0,1
1561,11,2019,2019-11-25,19,3126,0,0,0,1
1562,11,2018,2018-11-15,50,20,0,0,0,1
1563,11,2019,2019-11-03,11,2534,0,0,0,1
1564,11,2019,2019-11-05,1,75,0,0,0,1
1565,11,2018,2018-11-03,62,17,0,0,0,1
1566,11,2018,2018-11-08,17,153336,0,0,0,1
1567,11,2018,2018-11-05,60,60,0,0,0,1
1568,11,2018,2018-11-08,57,88,0,0,0,1
1569,11,2018,2018-11-08,57,1500,0,0,0,1
1570,11,2018,2018-11-08,57,4531,0,0,0,1
1571,11,2018,2018-11-08,57,96949,0,0,0,1
1572,11,2019,2019-11-01,0,19,0,0,0,1
1573,12,2013,2013-12-31,0,40,0,0,0,1
1574,12,2015,2015-12-25,4,1388,0,0,0,1
1575,12,2017,2017-12-05,35,260,0,0,0,1
1576,12,2020,2020-12-03,0,24,0,0,0,1
1577,12,2017,2017-12-21,19,45,0,0,0,1
1578,12,2020,2020-12-02,8,6686,0,0,0,1
1579,12,2020,2020-12-01,11,1087,0,0,0,1
1580,12,2020,2020-12-02,1,0,0,0,0,1
1581,12,2017,2017-12-05,44,6049,0,0,0,1
1582,12,2017,2017-12-05,244,15619,0,0,0,1
1583,12,2017,2017-12-04,39,281893,0,0,0,1
1584,12,2017,2017-12-05,35,34,0,0,0,1
1585,12,2017,2017-12-04,36,40,0,0,0,1
1586,12,2017,2017-12-07,33,4100,0,0,0,1
1587,12,2017,2017-12-07,33,300,0,0,0,1
1588,12,2017,2017-12-13,27,19,0,0,0,1
1589,12,2017,2017-12-06,48,422,0,0,0,1
1590,12,2017,2017-12-16,24,14,0,0,0,1
1591,12,2017,2017-12-14,26,14,0,0,0,1
1592,12,2020,2020-12-07,1,174,0,0,0,1
1593,12,2020,2020-12-13,1,1933,0,0,0,1
