,month_start,year_start,fire_duration,incident_acres_burned,season_fall,season_spring,season_summer,season_winter
0,5,2013,3,3166,0,0,1,0
1,5,2013,1,91,0,0,1,0
2,5,2013,8,6965,0,0,1,0
3,5,2013,2,125,0,0,1,0
4,7,2013,0,492,0,0,1,0
5,7,2013,2,502,0,0,1,0
6,5,2013,1,510,0,0,1,0
7,5,2013,6,4346,0,0,1,0
8,5,2013,1,40,0,0,1,0
9,5,2013,1,712,0,0,1,0
10,5,2013,0,354,0,0,1,0
11,5,2013,4,217,0,0,1,0
12,5,2013,0,25,0,0,1,0
13,7,2013,0,200,0,0,1,0
14,5,2013,3,1984,0,0,1,0
15,7,2013,0,50,0,0,1,0
16,7,2013,0,38,0,0,1,0
17,7,2013,9,7055,0,0,1,0
18,7,2013,0,85,0,0,1,0
19,7,2013,0,43,0,0,1,0
20,7,2013,3,572,0,0,1,0
21,7,2013,0,50,0,0,1,0
22,5,2013,0,303,0,0,1,0
23,5,2013,1,100,0,0,1,0
24,5,2013,3,2781,0,0,1,0
25,5,2013,1,170,0,0,1,0
26,5,2013,0,50,0,0,1,0
27,5,2013,1,149,0,0,1,0
28,5,2013,2,75,0,0,1,0
29,8,2013,6,11429,0,0,1,0
30,8,2013,3,92,0,0,1,0
31,8,2013,0,38,0,0,1,0
32,8,2013,20,27440,0,0,1,0
33,8,2013,3,97,0,0,1,0
34,7,2013,31,14754,0,0,1,0
35,7,2013,1,150,0,0,1,0
36,7,2013,2,612,0,0,1,0
37,7,2013,0,45,0,0,1,0
38,7,2013,3,712,0,0,1,0
39,7,2013,0,158,0,0,1,0
40,7,2013,1,75,0,0,1,0
41,7,2013,0,163,0,0,1,0
42,7,2013,0,15,0,0,1,0
43,7,2013,1,31,0,0,1,0
44,7,2013,0,195,0,0,1,0
45,8,2013,0,40,0,0,1,0
46,8,2013,6,2462,0,0,1,0
47,8,2013,2,46,0,0,1,0
48,8,2013,1,110,0,0,1,0
49,8,2013,7,513,0,0,1,0
50,8,2013,6,794,0,0,1,0
51,11,2013,1,51,0,0,0,1
52,7,2013,0,25,0,0,1,0
53,7,2013,1,40,0,0,1,0
54,5,2013,0,124,0,0,1,0
55,5,2013,5,1271,0,0,1,0
56,5,2013,0,90,0,0,1,0
57,9,2013,2,68,1,0,0,0
58,9,2013,6,200,1,0,0,0
59,9,2013,19,97,1,0,0,0
60,9,2013,5,268,1,0,0,0
61,6,2013,2,75,0,0,1,0
62,6,2013,4,28,0,0,1,0
63,6,2013,1,30,0,0,1,0
64,6,2013,0,240,0,0,1,0
65,6,2013,0,105,0,0,1,0
66,6,2013,0,124,0,0,1,0
67,6,2013,2,482,0,0,1,0
68,9,2013,3,263,1,0,0,0
69,6,2013,10,1708,0,0,1,0
70,6,2013,0,237,0,0,1,0
71,6,2013,3,534,0,0,1,0
72,6,2013,0,42,0,0,1,0
73,6,2013,4,60,0,0,1,0
74,6,2013,1,96,0,0,1,0
75,6,2013,1,124,0,0,1,0
76,6,2013,0,0,0,0,1,0
77,6,2013,0,298,0,0,1,0
78,6,2013,2,46,0,0,1,0
79,6,2013,2,500,0,0,1,0
80,6,2013,0,100,0,0,1,0
81,6,2013,0,35,0,0,1,0
82,10,2013,3,40,1,0,0,0
83,10,2013,1,305,1,0,0,0
84,10,2013,4,2236,1,0,0,0
85,5,2013,0,35,0,0,1,0
86,5,2013,9,30274,0,0,1,0
87,7,2013,1,150,0,0,1,0
88,7,2013,15,27531,0,0,1,0
89,8,2013,2,70,0,0,1,0
90,8,2013,4,1383,0,0,1,0
91,8,2013,2,12503,0,0,1,0
92,8,2013,0,50,0,0,1,0
93,7,2013,64,22992,0,0,1,0
94,8,2013,0,27,0,0,1,0
95,8,2013,0,116,0,0,1,0
96,8,2013,5,243,0,0,1,0
97,9,2013,6,8073,1,0,0,0
98,9,2013,1,73,1,0,0,0
99,9,2013,0,94,1,0,0,0
100,9,2013,16,134,1,0,0,0
101,9,2013,6,3111,1,0,0,0
102,9,2013,0,41,1,0,0,0
103,6,2013,0,108,0,0,1,0
104,6,2013,0,25,0,0,1,0
105,6,2013,1,40,0,0,1,0
106,6,2013,0,150,0,0,1,0
107,9,2013,1,98,1,0,0,0
108,9,2013,0,30,1,0,0,0
109,10,2013,1,159,1,0,0,0
110,7,2013,0,73,0,0,1,0
111,8,2013,0,413,0,0,1,0
112,10,2013,1,376,1,0,0,0
113,7,2013,0,274,0,0,1,0
114,4,2013,1,75,0,1,0,0
115,11,2013,1,64,0,0,0,1
116,11,2013,0,82,0,0,0,1
117,4,2013,2,30,0,1,0,0
118,11,2013,5,3505,0,0,0,1
119,11,2013,1,50,0,0,0,1
120,12,2013,0,40,0,0,0,1
121,4,2013,1,274,0,1,0,0
122,11,2013,2,190,0,0,0,1
123,8,2013,1,80,0,0,1,0
124,8,2013,0,60,0,0,1,0
125,8,2013,6,97,0,0,1,0
126,8,2013,0,38,0,0,1,0
127,7,2013,2,754,0,0,1,0
128,8,2013,0,0,0,0,1,0
129,8,2013,5,20292,0,0,1,0
130,11,2013,0,163,0,0,0,1
131,11,2013,0,33,0,0,0,1
132,11,2013,2,120,0,0,0,1
133,8,2013,20,257314,0,0,1,0
134,11,2013,1,23,0,0,0,1
135,8,2013,31,2060,0,0,1,0
136,8,2013,0,52,0,0,1,0
137,8,2013,4,196,0,0,1,0
138,8,2013,9,1070,0,0,1,0
139,2,2013,4,406,0,0,0,1
140,3,2014,3,125,0,1,0,0
141,4,2014,2,113,0,1,0,0
142,9,2014,3,210,1,0,0,0
143,9,2014,4,27,1,0,0,0
144,9,2014,26,97717,1,0,0,0
145,8,2014,120,190,0,0,1,0
146,9,2014,10,968,1,0,0,0
147,9,2014,5,247,1,0,0,0
148,9,2014,8,320,1,0,0,0
149,9,2014,26,516,1,0,0,0
150,9,2014,3,94,1,0,0,0
151,4,2014,5,2143,0,1,0,0
152,4,2014,1,75,0,1,0,0
153,9,2014,0,20,1,0,0,0
154,8,2014,117,274,0,0,1,0
155,9,2014,1,70,1,0,0,0
156,8,2014,1,20,0,0,1,0
157,8,2014,3,0,0,0,1,0
158,3,2014,1,57,0,1,0,0
159,8,2014,9,4045,0,0,1,0
160,8,2014,4,580,0,0,1,0
161,3,2014,2,400,0,1,0,0
162,6,2014,1,487,0,0,1,0
163,8,2014,1,84,0,0,1,0
164,6,2014,1,269,0,0,1,0
165,1,2014,8,865,0,0,0,1
166,6,2014,3,25,0,0,1,0
167,6,2014,2,40,0,0,1,0
168,6,2014,3,130,0,0,1,0
169,6,2014,7,3895,0,0,1,0
170,6,2014,0,225,0,0,1,0
171,1,2014,4,333,0,0,0,1
172,1,2014,11,1952,0,0,0,1
173,6,2014,2,85,0,0,1,0
174,8,2014,1,101,0,0,1,0
175,1,2014,1,106,0,0,0,1
176,5,2014,8,1995,0,0,1,0
177,5,2014,1,175,0,0,1,0
178,7,2014,25,32416,0,0,1,0
179,7,2014,14,13153,0,0,1,0
180,7,2014,1,47,0,0,1,0
181,7,2014,8,4240,0,0,1,0
182,7,2014,2,72,0,0,1,0
183,9,2014,6,1375,1,0,0,0
184,5,2014,1,50,0,0,1,0
185,7,2014,1,143,0,0,1,0
186,7,2014,1,38,0,0,1,0
187,7,2014,107,6258,0,0,1,0
188,7,2014,3,75,0,0,1,0
189,7,2014,3,217,0,0,1,0
190,5,2014,1,380,0,0,1,0
191,7,2014,2,1651,0,0,1,0
192,7,2014,2,15,0,0,1,0
193,7,2014,8,6488,0,0,1,0
194,7,2014,15,12661,0,0,1,0
195,7,2014,0,30,0,0,1,0
196,7,2014,8,4300,0,0,1,0
197,5,2014,4,1457,0,0,1,0
198,7,2014,4,1469,0,0,1,0
199,8,2014,7,612,0,0,1,0
200,7,2014,18,5503,0,0,1,0
201,7,2014,10,1680,0,0,1,0
202,10,2014,1,48,1,0,0,0
203,5,2014,3,600,0,0,1,0
204,7,2014,16,39736,0,0,1,0
205,7,2014,1,80,0,0,1,0
206,5,2014,1,29,0,0,1,0
207,7,2014,19,35302,0,0,1,0
208,5,2014,6,632,0,0,1,0
209,5,2014,4,1548,0,0,1,0
210,5,2014,5,5367,0,0,1,0
211,8,2015,1,110,0,0,1,0
212,7,2015,3,16,0,0,1,0
213,7,2015,6,86,0,0,1,0
214,6,2015,0,80,0,0,1,0
215,7,2015,48,6980,0,0,1,0
216,8,2015,2,75,0,0,1,0
217,8,2015,2,30,0,0,1,0
218,8,2015,16,25118,0,0,1,0
219,8,2015,1,112,0,0,1,0
220,8,2015,5,114,0,0,1,0
221,8,2015,1,22,0,0,1,0
222,7,2015,101,151623,0,0,1,0
223,8,2015,12,2446,0,0,1,0
224,7,2015,5,400,0,0,1,0
225,7,2015,2,75,0,0,1,0
226,7,2015,3,212,0,0,1,0
227,8,2015,1,59,0,0,1,0
228,6,2015,1,20,0,0,1,0
229,8,2015,3,52,0,0,1,0
230,7,2015,18,2304,0,0,1,0
231,7,2015,1,4863,0,0,1,0
232,7,2015,0,40,0,0,1,0
233,9,2015,7,108,1,0,0,0
234,9,2015,1,40,1,0,0,0
235,9,2015,2,170,1,0,0,0
236,9,2015,6,1042,1,0,0,0
237,9,2015,2,109,1,0,0,0
238,7,2015,19,5702,0,0,1,0
239,9,2015,8,1086,1,0,0,0
240,9,2015,36,70868,1,0,0,0
241,9,2015,1,72,1,0,0,0
242,9,2015,3,30,1,0,0,0
243,7,2015,4,50,0,0,1,0
244,7,2015,16,69438,0,0,1,0
245,7,2015,6,204,0,0,1,0
246,6,2015,0,67,0,0,1,0
247,9,2015,2,95,1,0,0,0
248,8,2015,1,10570,0,0,1,0
249,8,2015,5,215,0,0,1,0
250,7,2015,1,90,0,0,1,0
251,7,2015,4,4250,0,0,1,0
252,6,2015,1,19,0,0,1,0
253,6,2015,4,100,0,0,1,0
254,7,2015,9,54,0,0,1,0
255,6,2015,0,55,0,0,1,0
256,7,2015,2,167,0,0,1,0
257,6,2015,19,1542,0,0,1,0
258,7,2015,3,116,0,0,1,0
259,7,2015,5,95,0,0,1,0
260,6,2015,1,38,0,0,1,0
261,7,2015,0,40,0,0,1,0
262,7,2015,6,75,0,0,1,0
263,7,2015,14,8051,0,0,1,0
264,7,2015,0,26,0,0,1,0
265,7,2015,1,24,0,0,1,0
266,7,2015,5,430,0,0,1,0
267,7,2015,0,25,0,0,1,0
268,8,2015,1,30,0,0,1,0
269,8,2015,3,2700,0,0,1,0
270,8,2015,19,55,0,0,1,0
271,7,2015,0,21,0,0,1,0
272,7,2015,0,195,0,0,1,0
273,6,2015,1,60,0,0,1,0
274,6,2015,1,35,0,0,1,0
275,7,2015,2,77,0,0,1,0
276,7,2015,8,158,0,0,1,0
277,6,2015,2,415,0,0,1,0
278,7,2015,0,170,0,0,1,0
279,8,2015,1,55,0,0,1,0
280,7,2015,1,25,0,0,1,0
281,7,2015,2,150,0,0,1,0
282,6,2015,3,0,0,0,1,0
283,6,2015,1,533,0,0,1,0
284,6,2015,2,171,0,0,1,0
285,6,2015,1,60,0,0,1,0
286,7,2015,1,18,0,0,1,0
287,6,2015,2,135,0,0,1,0
288,7,2015,1,23,0,0,1,0
289,7,2015,2,214,0,0,1,0
290,7,2015,1,181,0,0,1,0
291,7,2015,18,200,0,0,1,0
292,6,2015,7,920,0,0,1,0
293,6,2015,4,158,0,0,1,0
294,6,2015,45,31359,0,0,1,0
295,7,2015,1,25,0,0,1,0
296,8,2015,4,128,0,0,1,0
297,8,2015,5,543,0,0,1,0
298,10,2015,4,670,1,0,0,0
299,10,2015,11,21,1,0,0,0
300,2,2015,6,200,0,0,0,1
301,4,2015,6,1049,0,1,0,0
302,12,2015,4,1388,0,0,0,1
303,5,2015,0,275,0,0,1,0
304,4,2015,5,137,0,1,0,0
305,11,2015,0,50,0,0,0,1
306,10,2015,0,104,1,0,0,0
307,6,2016,0,112,0,0,1,0
308,6,2016,15,0,0,0,1,0
309,6,2016,3,139,0,0,1,0
310,6,2016,1,24,0,0,1,0
311,6,2016,4,210,0,0,1,0
312,6,2016,11,7609,0,0,1,0
313,10,2016,3,176,1,0,0,0
314,6,2016,2,86,0,0,1,0
315,6,2016,0,32,0,0,1,0
316,6,2016,2,70,0,0,1,0
317,6,2016,0,80,0,0,1,0
318,6,2016,1,61,0,0,1,0
319,6,2016,0,83,0,0,1,0
320,6,2016,154,2860,0,0,1,0
321,9,2016,2,50,1,0,0,0
322,7,2016,2,103,0,0,1,0
323,7,2016,2,188,0,0,1,0
324,7,2016,0,45,0,0,1,0
325,7,2016,1,15,0,0,1,0
326,7,2016,4,341,0,0,1,0
327,6,2016,18,48019,0,0,1,0
328,7,2016,1,87,0,0,1,0
329,7,2016,2,28,0,0,1,0
330,7,2016,7,1785,0,0,1,0
331,5,2016,0,150,0,0,1,0
332,8,2016,4,88,0,0,1,0
333,8,2016,5,150,0,0,1,0
334,6,2016,3,47,0,0,1,0
335,7,2016,1,100,0,0,1,0
336,8,2016,3,450,0,0,1,0
337,8,2016,78,395,0,0,1,0
338,8,2016,3,518,0,0,1,0
339,8,2016,1,20,0,0,1,0
340,5,2016,0,30,0,0,1,0
341,5,2016,0,91,0,0,1,0
342,5,2016,0,278,0,0,1,0
343,4,2016,0,0,0,1,0,0
344,5,2016,3,3876,0,0,1,0
345,5,2016,2,85,0,0,1,0
346,8,2016,6,710,0,0,1,0
347,7,2016,1,35,0,0,1,0
348,7,2016,3,145,0,0,1,0
349,7,2016,4,441,0,0,1,0
350,7,2016,7,1109,0,0,1,0
351,7,2016,4,2944,0,0,1,0
352,7,2016,0,88,0,0,1,0
353,7,2016,0,84,0,0,1,0
354,7,2016,2,32,0,0,1,0
355,7,2016,2,38,0,0,1,0
356,8,2016,24,46344,0,0,1,0
357,7,2016,0,57,0,0,1,0
358,6,2016,0,2304,0,0,1,0
359,11,2016,1,28,0,0,0,1
360,10,2016,2,65,1,0,0,0
361,6,2016,20,5646,0,0,1,0
362,6,2016,27,7474,0,0,1,0
363,6,2016,0,43,0,0,1,0
364,6,2016,3,33,0,0,1,0
365,6,2016,1,372,0,0,1,0
366,6,2016,2,215,0,0,1,0
367,6,2016,14,650,0,0,1,0
368,6,2016,1,52,0,0,1,0
369,6,2016,0,49,0,0,1,0
370,6,2016,1,211,0,0,1,0
371,6,2016,1,1246,0,0,1,0
372,8,2016,2,85,0,0,1,0
373,7,2016,1,123,0,0,1,0
374,4,2016,0,30,0,1,0,0
375,7,2016,1,114,0,0,1,0
376,7,2016,6,310,0,0,1,0
377,6,2016,4,464,0,0,1,0
378,10,2016,51,4347,1,0,0,0
379,5,2016,0,25,0,0,1,0
380,7,2016,1,221,0,0,1,0
381,7,2016,1,30,0,0,1,0
382,7,2016,2,78,0,0,1,0
383,7,2016,10,2241,0,0,1,0
384,7,2016,1,138,0,0,1,0
385,6,2016,16,2520,0,0,1,0
386,6,2016,0,88,0,0,1,0
387,7,2016,1,26,0,0,1,0
388,7,2016,3,69,0,0,1,0
389,6,2016,1,25,0,0,1,0
390,6,2016,0,30,0,0,1,0
391,6,2016,2,120,0,0,1,0
392,6,2016,18,0,0,0,1,0
393,6,2016,1,277,0,0,1,0
394,7,2016,0,40,0,0,1,0
395,11,2016,0,4824,0,0,0,1
396,10,2016,9,2100,1,0,0,0
397,7,2016,1,57,0,0,1,0
398,10,2016,60,10,1,0,0,0
399,7,2016,9,1245,0,0,1,0
400,7,2016,1,23,0,0,1,0
401,5,2016,2,169,0,0,1,0
402,5,2016,2,156,0,0,1,0
403,5,2016,2,132,0,0,1,0
404,9,2016,1,20,1,0,0,0
405,9,2016,3,38,1,0,0,0
406,9,2016,1,25,1,0,0,0
407,9,2016,1,130,1,0,0,0
408,9,2016,5,215,1,0,0,0
409,9,2016,0,300,1,0,0,0
410,9,2016,2,45,1,0,0,0
411,9,2016,1,70,1,0,0,0
412,9,2016,1,5443,1,0,0,0
413,9,2016,0,100,1,0,0,0
414,9,2016,4,1547,1,0,0,0
415,9,2016,10,12518,1,0,0,0
416,9,2016,10,248,1,0,0,0
417,9,2016,358,4474,1,0,0,0
418,9,2016,26,2652,1,0,0,0
419,9,2016,7,850,1,0,0,0
420,9,2016,3,47,1,0,0,0
421,9,2016,5,50,1,0,0,0
422,9,2016,3,380,1,0,0,0
423,8,2016,1,550,0,0,1,0
424,8,2016,1,80,0,0,1,0
425,8,2016,10,5731,0,0,1,0
426,8,2016,7,36274,0,0,1,0
427,8,2016,46,29322,0,0,1,0
428,9,2016,1,40,1,0,0,0
429,9,2016,2,75,1,0,0,0
430,9,2016,0,360,1,0,0,0
431,9,2016,4,150,1,0,0,0
432,9,2016,3,158,1,0,0,0
433,8,2016,1,35,0,0,1,0
434,8,2016,1,36,0,0,1,0
435,8,2016,2,25,0,0,1,0
436,9,2016,3,30,1,0,0,0
437,9,2016,1,32,1,0,0,0
438,5,2016,7,70,0,0,1,0
439,9,2016,11,2575,1,0,0,0
440,9,2016,8,1080,1,0,0,0
441,7,2016,2,100,0,0,1,0
442,8,2016,0,400,0,0,1,0
443,7,2016,83,132127,0,0,1,0
444,8,2016,0,304,0,0,1,0
445,8,2016,1,33867,0,0,1,0
446,8,2016,0,147,0,0,1,0
447,7,2016,1,50,0,0,1,0
448,8,2016,12,0,0,0,1,0
449,8,2016,13,3929,0,0,1,0
450,8,2016,7,21,0,0,1,0
451,8,2016,3,100,0,0,1,0
452,8,2016,1,26,0,0,1,0
453,8,2016,9,7050,0,0,1,0
454,8,2016,9,8110,0,0,1,0
455,8,2016,1,45,0,0,1,0
456,8,2016,1,36,0,0,1,0
457,8,2016,13,599,0,0,1,0
458,8,2016,1,35,0,0,1,0
459,10,2017,92,45,1,0,0,0
460,8,2017,152,15,0,0,1,0
461,8,2017,143,168,0,0,1,0
462,8,2017,156,1020,0,0,1,0
463,8,2017,132,102,0,0,1,0
464,10,2017,87,100,1,0,0,0
465,10,2017,94,20,1,0,0,0
466,5,2017,225,10,0,0,1,0
467,11,2017,41,99,0,0,0,1
468,8,2017,151,100,0,0,1,0
469,8,2017,161,19,0,0,1,0
470,10,2017,92,130,1,0,0,0
471,10,2017,123,76,1,0,0,0
472,10,2017,124,9989,1,0,0,0
473,10,2017,91,29,1,0,0,0
474,8,2017,151,114,0,0,1,0
475,5,2017,225,16,0,0,1,0
476,10,2017,70,37,1,0,0,0
477,10,2017,123,6151,1,0,0,0
478,4,2017,254,1350,0,1,0,0
479,5,2017,239,288,0,0,1,0
480,10,2017,124,36807,1,0,0,0
481,4,2017,254,12,0,1,0,0
482,8,2017,132,27,0,0,1,0
483,10,2017,124,56556,1,0,0,0
484,5,2017,223,79,0,0,1,0
485,8,2017,149,19,0,0,1,0
486,10,2017,124,36523,1,0,0,0
487,10,2017,93,0,1,0,0,0
488,8,2017,132,392,0,0,1,0
489,8,2017,155,92,0,0,1,0
490,10,2017,124,51624,1,0,0,0
491,10,2017,124,8417,1,0,0,0
492,10,2017,93,20,1,0,0,0
493,4,2017,254,150,0,1,0,0
494,5,2017,226,18,0,0,1,0
495,5,2017,234,2056,0,0,1,0
496,11,2017,68,43,0,0,0,1
497,5,2017,236,10343,0,0,1,0
498,5,2017,239,225,0,0,1,0
499,5,2017,236,225,0,0,1,0
500,5,2017,240,41,0,0,1,0
501,5,2017,230,25,0,0,1,0
502,5,2017,252,130,0,0,1,0
503,5,2017,247,12,0,0,1,0
504,5,2017,244,400,0,0,1,0
505,8,2017,155,82,0,0,1,0
506,5,2017,236,20,0,0,1,0
507,5,2017,235,70,0,0,1,0
508,5,2017,240,17,0,0,1,0
509,5,2017,242,31,0,0,1,0
510,5,2017,240,20,0,0,1,0
511,5,2017,242,1800,0,0,1,0
512,5,2017,234,190,0,0,1,0
513,5,2017,234,506,0,0,1,0
514,5,2017,234,17,0,0,1,0
515,5,2017,236,14,0,0,1,0
516,5,2017,226,15,0,0,1,0
517,8,2017,156,859,0,0,1,0
518,5,2017,232,21,0,0,1,0
519,11,2017,45,47,0,0,0,1
520,5,2017,226,48,0,0,1,0
521,11,2017,56,40,0,0,0,1
522,11,2017,57,370,0,0,0,1
523,5,2017,235,0,0,0,1,0
524,5,2017,231,10,0,0,1,0
525,5,2017,237,150,0,0,1,0
526,8,2017,152,338,0,0,1,0
527,5,2017,235,486,0,0,1,0
528,5,2017,237,17,0,0,1,0
529,5,2017,226,10,0,0,1,0
530,8,2017,155,4736,0,0,1,0
531,7,2017,165,63,0,0,1,0
532,5,2017,229,120,0,0,1,0
533,8,2017,138,2312,0,0,1,0
534,5,2017,253,19,0,0,1,0
535,5,2017,229,1000,0,0,1,0
536,5,2017,233,35,0,0,1,0
537,5,2017,238,18,0,0,1,0
538,5,2017,226,16,0,0,1,0
539,6,2017,205,25,0,0,1,0
540,4,2017,255,126,0,1,0,0
541,8,2017,149,41,0,0,1,0
542,8,2017,151,775,0,0,1,0
543,12,2017,44,6049,0,0,0,1
544,12,2017,19,45,0,0,0,1
545,8,2017,161,8094,0,0,1,0
546,8,2017,148,7000,0,0,1,0
547,8,2017,159,85,0,0,1,0
548,8,2017,160,460,0,0,1,0
549,8,2017,145,17,0,0,1,0
550,8,2017,160,70,0,0,1,0
551,4,2017,281,45,0,1,0,0
552,8,2017,132,21846,0,0,1,0
553,7,2017,272,460,0,0,1,0
554,7,2017,182,400,0,0,1,0
555,7,2017,181,35,0,0,1,0
556,7,2017,181,10,0,0,1,0
557,7,2017,178,10,0,0,1,0
558,7,2017,173,47,0,0,1,0
559,7,2017,185,18430,0,0,1,0
560,4,2017,281,380,0,1,0,0
561,7,2017,180,410,0,0,1,0
562,7,2017,183,70,0,0,1,0
563,7,2017,183,747,0,0,1,0
564,7,2017,167,27276,0,0,1,0
565,7,2017,183,166,0,0,1,0
566,12,2017,244,15619,0,0,0,1
567,12,2017,39,281893,0,0,0,1
568,8,2017,142,867,0,0,1,0
569,8,2017,156,530,0,0,1,0
570,8,2017,160,32,0,0,1,0
571,12,2017,26,14,0,0,0,1
572,8,2017,147,78698,0,0,1,0
573,12,2017,24,14,0,0,0,1
574,12,2017,48,422,0,0,0,1
575,8,2017,133,55,0,0,1,0
576,8,2017,132,28,0,0,1,0
577,8,2017,133,6042,0,0,1,0
578,8,2017,160,2295,0,0,1,0
579,12,2017,27,19,0,0,0,1
580,12,2017,33,300,0,0,0,1
581,8,2017,149,1044,0,0,1,0
582,7,2017,184,48889,0,0,1,0
583,12,2017,33,4100,0,0,0,1
584,8,2017,136,40,0,0,1,0
585,2,2017,336,0,0,0,0,1
586,8,2017,203,30,0,0,1,0
587,12,2017,36,40,0,0,0,1
588,12,2017,35,34,0,0,0,1
589,8,2017,158,122,0,0,1,0
590,8,2017,131,34,0,0,1,0
591,8,2017,160,32,0,0,1,0
592,8,2017,148,545,0,0,1,0
593,8,2017,159,7697,0,0,1,0
594,8,2017,141,200,0,0,1,0
595,8,2017,132,18618,0,0,1,0
596,8,2017,142,186,0,0,1,0
597,4,2017,256,976,0,1,0,0
598,7,2017,185,29,0,0,1,0
599,4,2017,271,15,0,1,0,0
600,8,2017,161,20,0,0,1,0
601,8,2017,133,8925,0,0,1,0
602,8,2017,157,50,0,0,1,0
603,8,2017,154,62,0,0,1,0
604,8,2017,159,30,0,0,1,0
605,8,2017,159,10,0,0,1,0
606,7,2017,164,690,0,0,1,0
607,7,2017,170,78,0,0,1,0
608,8,2017,159,325,0,0,1,0
609,4,2017,260,10,0,1,0,0
610,7,2017,167,140,0,0,1,0
611,7,2017,170,0,0,0,1,0
612,7,2017,267,103,0,0,1,0
613,7,2017,173,416,0,0,1,0
614,7,2017,167,1286,0,0,1,0
615,7,2017,167,51,0,0,1,0
616,7,2017,174,319,0,0,1,0
617,7,2017,171,85,0,0,1,0
618,7,2017,264,255,0,0,1,0
619,7,2017,171,20,0,0,1,0
620,7,2017,168,13,0,0,1,0
621,7,2017,169,150,0,0,1,0
622,7,2017,169,39,0,0,1,0
623,8,2017,134,54,0,0,1,0
624,7,2017,175,19,0,0,1,0
625,7,2017,172,10,0,0,1,0
626,7,2017,170,170,0,0,1,0
627,7,2017,166,15,0,0,1,0
628,10,2017,88,426,1,0,0,0
629,4,2017,264,5738,0,1,0,0
630,12,2017,35,260,0,0,0,1
631,7,2017,184,340,0,0,1,0
632,7,2017,164,4310,0,0,1,0
633,7,2017,181,46,0,0,1,0
634,7,2017,180,10,0,0,1,0
635,7,2017,185,50,0,0,1,0
636,7,2017,181,13,0,0,1,0
637,7,2017,185,231,0,0,1,0
638,7,2017,177,900,0,0,1,0
639,7,2017,180,32,0,0,1,0
640,7,2017,181,59,0,0,1,0
641,7,2017,185,1816,0,0,1,0
642,7,2017,176,50,0,0,1,0
643,7,2017,182,83733,0,0,1,0
644,7,2017,185,370,0,0,1,0
645,7,2017,162,5247,0,0,1,0
646,7,2017,181,191125,0,0,1,0
647,7,2017,162,200,0,0,1,0
648,7,2017,165,57,0,0,1,0
649,7,2017,162,100,0,0,1,0
650,7,2017,162,11,0,0,1,0
651,7,2017,163,1350,0,0,1,0
652,7,2017,163,236,0,0,1,0
653,7,2017,164,155,0,0,1,0
654,7,2017,164,17,0,0,1,0
655,7,2017,182,101,0,0,1,0
656,10,2017,92,0,1,0,0,0
657,7,2017,187,1626,0,0,1,0
658,10,2017,78,50,1,0,0,0
659,6,2017,202,65,0,0,1,0
660,6,2017,202,54,0,0,1,0
661,6,2017,201,21,0,0,1,0
662,6,2017,201,111,0,0,1,0
663,6,2017,210,135,0,0,1,0
664,6,2017,210,50,0,0,1,0
665,6,2017,212,186,0,0,1,0
666,6,2017,210,33,0,0,1,0
667,6,2017,216,339,0,0,1,0
668,6,2017,220,27,0,0,1,0
669,6,2017,201,39,0,0,1,0
670,6,2017,220,25,0,0,1,0
671,6,2017,219,78,0,0,1,0
672,6,2017,219,67,0,0,1,0
673,6,2017,219,10,0,0,1,0
674,6,2017,218,20,0,0,1,0
675,6,2017,218,10,0,0,1,0
676,6,2017,217,91,0,0,1,0
677,6,2017,217,46,0,0,1,0
678,6,2017,216,157,0,0,1,0
679,6,2017,212,38,0,0,1,0
680,6,2017,213,206,0,0,1,0
681,6,2017,214,0,0,0,1,0
682,6,2017,214,35,0,0,1,0
683,6,2017,219,33,0,0,1,0
684,6,2017,209,150,0,0,1,0
685,6,2017,205,56,0,0,1,0
686,6,2017,205,1522,0,0,1,0
687,6,2017,208,105,0,0,1,0
688,6,2017,204,168,0,0,1,0
689,6,2017,204,1503,0,0,1,0
690,6,2017,208,63,0,0,1,0
691,6,2017,208,28,0,0,1,0
692,9,2017,108,25,1,0,0,0
693,9,2017,128,1749,1,0,0,0
694,9,2017,128,100,1,0,0,0
695,9,2017,130,25,1,0,0,0
696,10,2017,81,21,1,0,0,0
697,10,2017,77,86,1,0,0,0
698,10,2017,88,81,1,0,0,0
699,10,2017,91,23,1,0,0,0
700,9,2017,130,130,1,0,0,0
701,9,2017,121,34,1,0,0,0
702,9,2017,128,79,1,0,0,0
703,9,2017,126,21,1,0,0,0
704,9,2017,128,120,1,0,0,0
705,9,2017,129,3874,1,0,0,0
706,6,2017,213,1431,0,0,1,0
707,9,2017,128,100,1,0,0,0
708,10,2017,84,1088,1,0,0,0
709,10,2017,86,31,1,0,0,0
710,9,2017,128,680,1,0,0,0
711,10,2017,75,50,1,0,0,0
712,10,2017,92,1660,1,0,0,0
713,6,2017,220,42,0,0,1,0
714,10,2017,77,40,1,0,0,0
715,10,2017,170,184,1,0,0,0
716,10,2017,93,10,1,0,0,0
717,10,2017,93,40,1,0,0,0
718,10,2017,95,87,1,0,0,0
719,6,2017,200,357,0,0,1,0
720,9,2017,130,7194,1,0,0,0
721,6,2017,210,20,0,0,1,0
722,10,2017,83,13,1,0,0,0
723,9,2017,119,200,1,0,0,0
724,9,2017,120,10,1,0,0,0
725,9,2017,126,2575,1,0,0,0
726,6,2017,197,19,0,0,1,0
727,6,2017,198,36,0,0,1,0
728,6,2017,197,6309,0,0,1,0
729,6,2017,195,15,0,0,1,0
730,6,2017,198,0,0,0,1,0
731,9,2017,119,12,1,0,0,0
732,9,2017,119,995,1,0,0,0
733,6,2017,207,134,0,0,1,0
734,9,2017,119,58,1,0,0,0
735,6,2017,199,42,0,0,1,0
736,9,2017,102,35,1,0,0,0
737,9,2017,102,40,1,0,0,0
738,9,2017,102,444,1,0,0,0
739,9,2017,104,18900,1,0,0,0
740,6,2017,197,1598,0,0,1,0
741,9,2017,184,2662,1,0,0,0
742,9,2017,188,39,1,0,0,0
743,6,2017,205,26,0,0,1,0
744,6,2017,207,32,0,0,1,0
745,6,2017,212,76,0,0,1,0
746,6,2017,212,450,0,0,1,0
747,6,2017,212,32,0,0,1,0
748,6,2017,210,22,0,0,1,0
749,6,2017,206,800,0,0,1,0
750,6,2017,205,60,0,0,1,0
751,6,2017,205,10,0,0,1,0
752,10,2017,99,100,1,0,0,0
753,6,2017,196,670,0,0,1,0
754,10,2017,98,17,1,0,0,0
755,10,2017,98,20,1,0,0,0
756,9,2017,105,22,1,0,0,0
757,9,2017,128,1035,1,0,0,0
758,6,2017,196,35,0,0,1,0
759,6,2017,196,25,0,0,1,0
760,9,2017,120,43,1,0,0,0
761,9,2017,105,74,1,0,0,0
762,9,2017,124,0,1,0,0,0
763,9,2017,124,25,1,0,0,0
764,9,2017,108,55,1,0,0,0
765,9,2017,105,26,1,0,0,0
766,9,2017,103,143,1,0,0,0
767,9,2017,105,105,1,0,0,0
768,9,2017,120,50,1,0,0,0
769,10,2017,91,19,1,0,0,0
770,9,2017,106,28,1,0,0,0
771,9,2017,111,10,1,0,0,0
772,9,2017,111,245,1,0,0,0
773,9,2017,111,48,1,0,0,0
774,6,2017,196,38,0,0,1,0
775,9,2017,112,237,1,0,0,0
776,9,2017,112,146,1,0,0,0
777,9,2017,113,429,1,0,0,0
778,9,2017,114,136,1,0,0,0
779,6,2017,198,760,0,0,1,0
780,9,2017,119,13417,1,0,0,0
781,6,2017,200,0,0,0,1,0
782,6,2017,194,41,0,0,1,0
783,6,2017,194,55,0,0,1,0
784,6,2017,194,42,0,0,1,0
785,6,2017,193,1200,0,0,1,0
786,6,2017,195,0,0,0,1,0
787,6,2017,195,630,0,0,1,0
788,6,2017,195,562,0,0,1,0
789,6,2017,194,85,0,0,1,0
790,9,2017,198,155,1,0,0,0
791,6,2017,221,16,0,0,1,0
792,9,2017,130,1319,1,0,0,0
793,7,2017,175,72,0,0,1,0
794,7,2017,189,205,0,0,1,0
795,7,2017,186,33,0,0,1,0
796,7,2017,186,90,0,0,1,0
797,7,2017,190,50,0,0,1,0
798,7,2017,176,59,0,0,1,0
799,7,2017,186,36,0,0,1,0
800,7,2017,177,40,0,0,1,0
801,7,2017,177,81826,0,0,1,0
802,7,2017,176,20,0,0,1,0
803,7,2017,176,1649,0,0,1,0
804,7,2017,176,70,0,0,1,0
805,7,2017,176,117,0,0,1,0
806,7,2017,176,40,0,0,1,0
807,7,2017,175,1083,0,0,1,0
808,7,2017,186,74,0,0,1,0
809,7,2017,175,180,0,0,1,0
810,7,2017,189,57,0,0,1,0
811,7,2017,175,58,0,0,1,0
812,7,2017,174,0,0,0,1,0
813,7,2017,163,2289,0,0,1,0
814,7,2017,168,0,0,0,1,0
815,7,2017,163,124,0,0,1,0
816,7,2017,165,135,0,0,1,0
817,8,2017,135,18,0,0,1,0
818,7,2017,188,21,0,0,1,0
819,8,2017,135,46,0,0,1,0
820,7,2017,188,469,0,0,1,0
821,7,2017,189,35,0,0,1,0
822,7,2017,190,10,0,0,1,0
823,7,2017,186,2940,0,0,1,0
824,7,2017,187,0,0,0,1,0
825,7,2017,187,28687,0,0,1,0
826,8,2017,149,125,0,0,1,0
827,8,2017,140,200,0,0,1,0
828,6,2017,205,153,0,0,1,0
829,7,2017,188,22,0,0,1,0
830,8,2017,139,31,0,0,1,0
831,8,2017,136,62,0,0,1,0
832,7,2017,176,15,0,0,1,0
833,8,2017,136,157,0,0,1,0
834,8,2017,136,111,0,0,1,0
835,8,2017,134,40,0,0,1,0
836,7,2017,188,91,0,0,1,0
837,8,2017,366,4016,0,0,1,0
838,8,2017,135,44,0,0,1,0
839,7,2017,185,62,0,0,1,0
840,8,2017,133,36556,0,0,1,0
841,8,2017,134,10,0,0,1,0
842,8,2017,135,69,0,0,1,0
843,7,2017,185,74,0,0,1,0
844,7,2017,187,2269,0,0,1,0
845,8,2017,155,3142,0,0,1,0
846,7,2017,191,225,0,0,1,0
847,7,2017,186,6033,0,0,1,0
848,8,2017,134,54,0,0,1,0
849,7,2017,191,11,0,0,1,0
850,10,2017,86,25,1,0,0,0
851,7,2017,189,0,0,0,1,0
852,10,2017,89,183,1,0,0,0
853,8,2017,133,12407,0,0,1,0
854,7,2017,189,34,0,0,1,0
855,8,2017,148,39715,0,0,1,0
856,10,2017,84,116,1,0,0,0
857,7,2017,189,50,0,0,1,0
858,6,2017,222,26,0,0,1,0
859,7,2017,190,30,0,0,1,0
860,6,2017,222,68,0,0,1,0
861,7,2017,189,18,0,0,1,0
862,10,2017,80,100,1,0,0,0
863,7,2017,189,13,0,0,1,0
864,7,2017,191,10,0,0,1,0
865,7,2017,192,128,0,0,1,0
866,10,2017,88,73,1,0,0,0
867,10,2017,173,100,1,0,0,0
868,7,2017,186,58,0,0,1,0
869,10,2017,84,50,1,0,0,0
870,10,2017,124,2207,1,0,0,0
871,10,2017,85,391,1,0,0,0
872,10,2017,123,17357,1,0,0,0
873,10,2017,90,58,1,0,0,0
874,7,2017,191,1538,0,0,1,0
875,10,2017,75,866,1,0,0,0
876,10,2017,75,194,1,0,0,0
877,10,2017,87,148,1,0,0,0
878,10,2017,178,9217,1,0,0,0
879,10,2017,92,150,1,0,0,0
880,10,2017,123,821,1,0,0,0
881,7,2017,191,14,0,0,1,0
882,6,2017,214,14,0,0,1,0
883,8,2018,135,23,0,0,1,0
884,8,2018,148,46150,0,0,1,0
885,10,2018,82,12,1,0,0,0
886,8,2018,151,23136,0,0,1,0
887,8,2018,148,250,0,0,1,0
888,10,2018,72,120,1,0,0,0
889,8,2018,156,67,0,0,1,0
890,8,2018,156,66,0,0,1,0
891,10,2018,66,550,1,0,0,0
892,8,2018,156,700,0,0,1,0
893,10,2018,77,58,1,0,0,0
894,8,2018,141,114,0,0,1,0
895,8,2018,151,2225,0,0,1,0
896,8,2018,151,14,0,0,1,0
897,9,2018,100,53,1,0,0,0
898,9,2018,112,25,1,0,0,0
899,10,2018,94,150,1,0,0,0
900,9,2018,118,2490,1,0,0,0
901,9,2018,102,33,1,0,0,0
902,9,2018,103,30,1,0,0,0
903,9,2018,98,76,1,0,0,0
904,9,2018,98,261,1,0,0,0
905,9,2018,104,53,1,0,0,0
906,9,2018,104,3380,1,0,0,0
907,9,2018,104,360,1,0,0,0
908,9,2018,106,12,1,0,0,0
909,9,2018,110,51,1,0,0,0
910,9,2018,114,200,1,0,0,0
911,9,2018,116,152,1,0,0,0
912,9,2018,113,400,1,0,0,0
913,9,2018,124,36,1,0,0,0
914,10,2018,89,3889,1,0,0,0
915,10,2018,89,63,1,0,0,0
916,8,2018,151,35,0,0,1,0
917,10,2018,94,32,1,0,0,0
918,10,2018,86,15,1,0,0,0
919,10,2018,84,160,1,0,0,0
920,11,2018,50,20,0,0,0,1
921,9,2018,123,24,1,0,0,0
922,8,2018,151,290,0,0,1,0
923,10,2018,83,167,1,0,0,0
924,8,2018,132,32,0,0,1,0
925,11,2018,49,10,0,0,0,1
926,11,2018,57,35,0,0,0,1
927,8,2018,151,2995,0,0,1,0
928,8,2018,134,289,0,0,1,0
929,8,2018,138,10,0,0,1,0
930,8,2018,138,1014,0,0,1,0
931,8,2018,138,155,0,0,1,0
932,8,2018,139,367,0,0,1,0
933,8,2018,142,39387,0,0,1,0
934,8,2018,131,48,0,0,1,0
935,11,2018,57,88,0,0,0,1
936,11,2018,52,147,0,0,0,1
937,8,2018,146,650,0,0,1,0
938,11,2018,51,20,0,0,0,1
939,11,2018,36,0,0,0,0,1
940,8,2018,142,668,0,0,1,0
941,11,2018,60,60,0,0,0,1
942,8,2018,140,34,0,0,1,0
943,8,2018,126,125,0,0,1,0
944,11,2018,17,153336,0,0,0,1
945,8,2018,147,2162,0,0,1,0
946,8,2018,144,100,0,0,1,0
947,11,2018,62,17,0,0,0,1
948,8,2018,156,106,0,0,1,0
949,8,2018,141,3674,0,0,1,0
950,8,2018,148,1900,0,0,1,0
951,11,2018,53,186,0,0,0,1
952,8,2018,153,30,0,0,1,0
953,8,2018,130,88,0,0,1,0
954,8,2018,131,103,0,0,1,0
955,8,2018,130,36,0,0,1,0
956,10,2018,81,10,1,0,0,0
957,8,2018,127,60,0,0,1,0
958,8,2018,152,136,0,0,1,0
959,8,2018,153,22,0,0,1,0
960,8,2018,154,2950,0,0,1,0
961,9,2018,122,6974,1,0,0,0
962,9,2018,121,63311,1,0,0,0
963,9,2018,122,1751,1,0,0,0
964,10,2018,82,38,1,0,0,0
965,9,2018,118,573,1,0,0,0
966,9,2018,122,150,1,0,0,0
967,9,2018,123,1120,1,0,0,0
968,8,2018,145,16,0,0,1,0
969,9,2018,124,15,1,0,0,0
970,9,2018,125,172,1,0,0,0
971,9,2018,117,166,1,0,0,0
972,11,2018,57,96949,0,0,0,1
973,11,2018,57,4531,0,0,0,1
974,11,2018,57,1500,0,0,0,1
975,8,2018,140,30,0,0,1,0
976,8,2018,148,10,0,0,1,0
977,11,2018,50,150,0,0,0,1
978,9,2018,122,13,1,0,0,0
979,8,2018,150,117,0,0,1,0
980,8,2018,156,36450,0,0,1,0
981,6,2018,216,175,0,0,1,0
982,5,2018,220,63,0,0,1,0
983,5,2018,219,484,0,0,1,0
984,7,2018,176,116,0,0,1,0
985,7,2018,173,56,0,0,1,0
986,5,2018,239,12,0,0,1,0
987,7,2018,168,63,0,0,1,0
988,7,2018,173,224,0,0,1,0
989,7,2018,173,16,0,0,1,0
990,7,2018,173,32,0,0,1,0
991,6,2018,204,60,0,0,1,0
992,6,2018,197,10,0,0,1,0
993,6,2018,195,328,0,0,1,0
994,6,2018,201,17,0,0,1,0
995,6,2018,195,170,0,0,1,0
996,7,2018,169,40,0,0,1,0
997,6,2018,195,268,0,0,1,0
998,7,2018,168,13,0,0,1,0
999,7,2018,164,167,0,0,1,0
1000,6,2018,190,300,0,0,1,0
1001,6,2018,360,375,0,0,1,0
1002,6,2018,216,10,0,0,1,0
1003,5,2018,232,60,0,0,1,0
1004,5,2018,240,127,0,0,1,0
1005,5,2018,247,1756,0,0,1,0
1006,5,2018,220,25,0,0,1,0
1007,6,2018,203,60,0,0,1,0
1008,5,2018,232,1261,0,0,1,0
1009,5,2018,235,12,0,0,1,0
1010,5,2018,231,103,0,0,1,0
1011,5,2018,240,18,0,0,1,0
1012,5,2018,245,15,0,0,1,0
1013,5,2018,231,26,0,0,1,0
1014,5,2018,230,27,0,0,1,0
1015,5,2018,229,88,0,0,1,0
1016,5,2018,228,12,0,0,1,0
1017,6,2018,195,3716,0,0,1,0
1018,5,2018,227,59,0,0,1,0
1019,5,2018,225,100,0,0,1,0
1020,5,2018,223,108,0,0,1,0
1021,5,2018,222,16,0,0,1,0
1022,5,2018,221,10,0,0,1,0
1023,6,2018,195,15185,0,0,1,0
1024,7,2018,169,282,0,0,1,0
1025,6,2018,203,4564,0,0,1,0
1026,6,2018,204,646,0,0,1,0
1027,5,2018,245,70,0,0,1,0
1028,5,2018,245,300,0,0,1,0
1029,5,2018,226,56,0,0,1,0
1030,7,2018,167,37,0,0,1,0
1031,6,2018,189,10,0,0,1,0
1032,6,2018,194,68,0,0,1,0
1033,7,2018,173,38134,0,0,1,0
1034,7,2018,171,28,0,0,1,0
1035,7,2018,160,207,0,0,1,0
1036,7,2018,179,856,0,0,1,0
1037,6,2018,189,30,0,0,1,0
1038,7,2018,165,229651,0,0,1,0
1039,6,2018,188,33,0,0,1,0
1040,7,2018,168,110,0,0,1,0
1041,6,2018,188,90288,0,0,1,0
1042,7,2018,173,50,0,0,1,0
1043,6,2018,204,20,0,0,1,0
1044,7,2018,163,20,0,0,1,0
1045,7,2018,167,50,0,0,1,0
1046,7,2018,164,51,0,0,1,0
1047,6,2018,205,70,0,0,1,0
1048,7,2018,167,30,0,0,1,0
1049,7,2018,165,40,0,0,1,0
1050,7,2018,165,128,0,0,1,0
1051,7,2018,169,34,0,0,1,0
1052,7,2018,167,67,0,0,1,0
1053,7,2018,173,89,0,0,1,0
1054,7,2018,161,18703,0,0,1,0
1055,7,2018,161,48920,0,0,1,0
1056,7,2018,161,100,0,0,1,0
1057,7,2018,161,410203,0,0,1,0
1058,6,2018,194,163,0,0,1,0
1059,5,2018,221,75,0,0,1,0
1060,7,2018,171,14,0,0,1,0
1061,7,2018,160,30,0,0,1,0
1062,7,2018,162,205,0,0,1,0
1063,6,2018,194,80,0,0,1,0
1064,7,2018,171,10,0,0,1,0
1065,7,2018,170,822,0,0,1,0
1066,7,2018,169,43,0,0,1,0
1067,6,2018,194,1678,0,0,1,0
1068,6,2018,189,12300,0,0,1,0
1069,7,2018,163,34,0,0,1,0
1070,7,2018,170,77,0,0,1,0
1071,7,2018,161,365,0,0,1,0
1072,7,2018,159,35,0,0,1,0
1073,7,2018,160,135,0,0,1,0
1074,7,2018,157,972,0,0,1,0
1075,7,2018,157,338,0,0,1,0
1076,7,2018,157,1200,0,0,1,0
1077,7,2018,161,993,0,0,1,0
1078,6,2018,191,441,0,0,1,0
1079,6,2018,191,63,0,0,1,0
1080,6,2018,204,20,0,0,1,0
1081,4,2018,254,0,0,1,0,0
1082,7,2018,163,39,0,0,1,0
1083,6,2018,202,40,0,0,1,0
1084,6,2018,216,23,0,0,1,0
1085,6,2018,209,2290,0,0,1,0
1086,6,2018,189,95,0,0,1,0
1087,6,2018,214,1352,0,0,1,0
1088,6,2018,215,10,0,0,1,0
1089,6,2018,215,38,0,0,1,0
1090,6,2018,215,37,0,0,1,0
1091,6,2018,215,12,0,0,1,0
1092,6,2018,215,35,0,0,1,0
1093,6,2018,215,17,0,0,1,0
1094,6,2018,215,11,0,0,1,0
1095,6,2018,192,347,0,0,1,0
1096,6,2018,192,260,0,0,1,0
1097,6,2018,191,76,0,0,1,0
1098,6,2018,207,4064,0,0,1,0
1099,2,2018,330,50,0,0,0,1
1100,6,2018,198,1500,0,0,1,0
1101,3,2018,282,258,0,1,0,0
1102,3,2018,282,11,0,1,0,0
1103,4,2018,266,30,0,1,0,0
1104,6,2018,203,53,0,0,1,0
1105,6,2018,217,23,0,0,1,0
1106,6,2018,189,70,0,0,1,0
1107,6,2018,217,127,0,0,1,0
1108,6,2018,217,14,0,0,1,0
1109,6,2018,216,13,0,0,1,0
1110,6,2018,215,10,0,0,1,0
1111,6,2018,206,20,0,0,1,0
1112,6,2018,214,513,0,0,1,0
1113,2,2018,319,2070,0,0,0,1
1114,6,2018,214,64,0,0,1,0
1115,6,2018,213,10,0,0,1,0
1116,6,2018,213,12,0,0,1,0
1117,6,2018,212,265,0,0,1,0
1118,6,2018,207,62,0,0,1,0
1119,6,2018,211,200,0,0,1,0
1120,6,2018,209,2956,0,0,1,0
1121,6,2018,209,12,0,0,1,0
1122,6,2018,209,175,0,0,1,0
1123,6,2018,209,96,0,0,1,0
1124,6,2018,206,215,0,0,1,0
1125,6,2018,205,60,0,0,1,0
1126,6,2018,207,155,0,0,1,0
1127,6,2018,206,154,0,0,1,0
1128,6,2018,214,300,0,0,1,0
1129,6,2018,214,1314,0,0,1,0
1130,6,2018,214,12,0,0,1,0
1131,6,2018,199,10,0,0,1,0
1132,6,2018,189,268,0,0,1,0
1133,6,2018,195,62,0,0,1,0
1134,7,2018,182,100,0,0,1,0
1135,7,2018,179,80,0,0,1,0
1136,6,2018,199,40,0,0,1,0
1137,6,2018,200,115,0,0,1,0
1138,6,2018,201,185,0,0,1,0
1139,7,2018,163,247,0,0,1,0
1140,7,2018,184,63,0,0,1,0
1141,7,2018,174,33,0,0,1,0
1142,7,2018,178,12,0,0,1,0
1143,7,2018,187,215,0,0,1,0
1144,4,2018,251,73,0,1,0,0
1145,7,2018,182,504,0,0,1,0
1146,7,2018,182,10,0,0,1,0
1147,7,2018,184,316,0,0,1,0
1148,4,2018,253,20,0,1,0,0
1149,4,2018,256,18,0,1,0,0
1150,4,2018,269,21,0,1,0,0
1151,6,2018,201,20,0,0,1,0
1152,4,2018,259,1265,0,1,0,0
1153,7,2018,174,14,0,0,1,0
1154,6,2018,202,25,0,0,1,0
1155,6,2018,202,32,0,0,1,0
1156,7,2018,186,45,0,0,1,0
1157,7,2018,184,191,0,0,1,0
1158,7,2018,179,11,0,0,1,0
1159,7,2018,183,90,0,0,1,0
1160,7,2018,178,51,0,0,1,0
1161,7,2018,182,113,0,0,1,0
1162,7,2018,182,116,0,0,1,0
1163,7,2018,175,12,0,0,1,0
1164,7,2018,175,96901,0,0,1,0
1165,7,2018,180,62,0,0,1,0
1166,7,2018,178,11,0,0,1,0
1167,7,2018,178,70,0,0,1,0
1168,7,2018,174,52,0,0,1,0
1169,7,2018,177,278,0,0,1,0
1170,7,2018,183,38008,0,0,1,0
1171,7,2018,166,320,0,0,1,0
1172,7,2018,180,2883,0,0,1,0
1173,7,2018,180,31,0,0,1,0
1174,7,2018,180,56,0,0,1,0
1175,7,2018,180,640,0,0,1,0
1176,7,2018,175,2100,0,0,1,0
1177,7,2018,182,825,0,0,1,0
1178,7,2018,182,1350,0,0,1,0
1179,7,2018,176,962,0,0,1,0
1180,4,2018,263,15,0,1,0,0
1181,7,2018,184,75,0,0,1,0
1182,6,2019,7,207,0,0,1,0
1183,6,2019,1,148,0,0,1,0
1184,6,2019,3,30,0,0,1,0
1185,6,2019,3,525,0,0,1,0
1186,6,2019,1,2422,0,0,1,0
1187,6,2019,2,46,0,0,1,0
1188,10,2019,6,9999,1,0,0,0
1189,6,2019,5,10,0,0,1,0
1190,10,2019,1,50,1,0,0,0
1191,10,2019,1,605,1,0,0,0
1192,10,2019,3,35,1,0,0,0
1193,10,2019,0,40,1,0,0,0
1194,10,2019,1,10,1,0,0,0
1195,10,2019,2,75,1,0,0,0
1196,10,2019,3,55,1,0,0,0
1197,10,2019,1,200,1,0,0,0
1198,10,2019,0,30,1,0,0,0
1199,10,2019,1,150,1,0,0,0
1200,10,2019,21,8799,1,0,0,0
1201,10,2019,3,1806,1,0,0,0
1202,10,2019,2,37,1,0,0,0
1203,10,2019,3,97,1,0,0,0
1204,6,2019,3,210,0,0,1,0
1205,10,2019,3,62,1,0,0,0
1206,10,2019,14,77758,1,0,0,0
1207,6,2019,6,1127,0,0,1,0
1208,10,2019,0,80,1,0,0,0
1209,9,2019,0,300,1,0,0,0
1210,10,2019,2,75,1,0,0,0
1211,9,2019,0,17,1,0,0,0
1212,10,2019,3,350,1,0,0,0
1213,10,2019,0,9,1,0,0,0
1214,6,2019,0,20,0,0,1,0
1215,10,2019,0,42,1,0,0,0
1216,10,2019,1,140,1,0,0,0
1217,10,2019,7,703,1,0,0,0
1218,10,2019,0,29,1,0,0,0
1219,10,2019,5,200,1,0,0,0
1220,10,2019,1,11,1,0,0,0
1221,10,2019,4,420,1,0,0,0
1222,10,2019,3,328,1,0,0,0
1223,6,2019,1,17,0,0,1,0
1224,10,2019,3,494,1,0,0,0
1225,10,2019,3,63,1,0,0,0
1226,10,2019,1,526,1,0,0,0
1227,10,2019,0,11,1,0,0,0
1228,10,2019,10,42,1,0,0,0
1229,10,2019,0,12,1,0,0,0
1230,10,2019,2,289,1,0,0,0
1231,10,2019,0,68,1,0,0,0
1232,10,2019,1,137,1,0,0,0
1233,10,2019,3,10,1,0,0,0
1234,10,2019,1,18,1,0,0,0
1235,9,2019,0,10,1,0,0,0
1236,9,2019,3,10,1,0,0,0
1237,9,2019,3,85,1,0,0,0
1238,9,2019,8,8838,1,0,0,0
1239,6,2019,1,28,0,0,1,0
1240,9,2019,6,220,1,0,0,0
1241,9,2019,1,83,1,0,0,0
1242,9,2019,1,98,1,0,0,0
1243,6,2019,9,70,0,0,1,0
1244,6,2019,9,2512,0,0,1,0
1245,6,2019,9,50,0,0,1,0
1246,6,2019,9,1350,0,0,1,0
1247,6,2019,1,214,0,0,1,0
1248,6,2019,12,1764,0,0,1,0
1249,6,2019,7,35,0,0,1,0
1250,9,2019,76,10296,1,0,0,0
1251,9,2019,10,1926,1,0,0,0
1252,6,2019,5,43,0,0,1,0
1253,6,2019,1,47,0,0,1,0
1254,6,2019,10,24,0,0,1,0
1255,6,2019,1,120,0,0,1,0
1256,6,2019,9,17,0,0,1,0
1257,6,2019,3,17,0,0,1,0
1258,6,2019,2,210,0,0,1,0
1259,9,2019,0,10,1,0,0,0
1260,9,2019,7,5737,1,0,0,0
1261,9,2019,19,227,1,0,0,0
1262,9,2019,4,15,1,0,0,0
1263,9,2019,1,167,1,0,0,0
1264,9,2019,0,11,1,0,0,0
1265,9,2019,4,279,1,0,0,0
1266,9,2019,1,66,1,0,0,0
1267,9,2019,1,28,1,0,0,0
1268,9,2019,0,16,1,0,0,0
1269,9,2019,1,53,1,0,0,0
1270,9,2019,3,128,1,0,0,0
1271,9,2019,5,200,1,0,0,0
1272,9,2019,1,250,1,0,0,0
1273,9,2019,3,15,1,0,0,0
1274,9,2019,6,496,1,0,0,0
1275,9,2019,0,11,1,0,0,0
1276,9,2019,5,280,1,0,0,0
1277,9,2019,88,5332,1,0,0,0
1278,9,2019,5,260,1,0,0,0
1279,9,2019,6,58,1,0,0,0
1280,9,2019,7,167,1,0,0,0
1281,9,2019,76,1975,1,0,0,0
1282,9,2019,0,44,1,0,0,0
1283,6,2019,1,120,0,0,1,0
1284,6,2019,4,600,0,0,1,0
1285,6,2019,0,12,0,0,1,0
1286,6,2019,0,2546,0,0,1,0
1287,7,2019,2,27,0,0,1,0
1288,7,2019,5,80,0,0,1,0
1289,7,2019,0,22,0,0,1,0
1290,7,2019,0,96,0,0,1,0
1291,7,2019,2,193,0,0,1,0
1292,7,2019,1,131,0,0,1,0
1293,7,2019,1,25,0,0,1,0
1294,7,2019,1,202,0,0,1,0
1295,11,2019,19,3126,0,0,0,1
1296,11,2019,11,2534,0,0,0,1
1297,11,2019,1,75,0,0,0,1
1298,4,2019,8,115,0,1,0,0
1299,11,2019,0,19,0,0,0,1
1300,4,2019,8,10,0,1,0,0
1301,7,2019,1,974,0,0,1,0
1302,4,2019,57,161,0,1,0,0
1303,7,2019,0,35,0,0,1,0
1304,7,2019,3,100,0,0,1,0
1305,7,2019,1,13,0,0,1,0
1306,7,2019,3,128,0,0,1,0
1307,7,2019,1,81,0,0,1,0
1308,7,2019,0,47,0,0,1,0
1309,7,2019,1,213,0,0,1,0
1310,7,2019,0,74,0,0,1,0
1311,7,2019,14,14217,0,0,1,0
1312,6,2019,14,15,0,0,1,0
1313,7,2019,0,24,0,0,1,0
1314,7,2019,1,30,0,0,1,0
1315,7,2019,1,263,0,0,1,0
1316,7,2019,1,190,0,0,1,0
1317,7,2019,0,20,0,0,1,0
1318,7,2019,8,100,0,0,1,0
1319,7,2019,0,25,0,0,1,0
1320,7,2019,13,280,0,0,1,0
1321,8,2019,0,33,0,0,1,0
1322,8,2019,0,84,0,0,1,0
1323,8,2019,3,131,0,0,1,0
1324,8,2019,0,20,0,0,1,0
1325,8,2019,2,156,0,0,1,0
1326,8,2019,1,80,0,0,1,0
1327,8,2019,1,35,0,0,1,0
1328,8,2019,1,1507,0,0,1,0
1329,8,2019,5,225,0,0,1,0
1330,8,2019,0,139,0,0,1,0
1331,8,2019,1,34,0,0,1,0
1332,8,2019,3,2438,0,0,1,0
1333,8,2019,0,80,0,0,1,0
1334,8,2019,0,12,0,0,1,0
1335,8,2019,7,3380,0,0,1,0
1336,1,2019,14,30,0,0,0,1
1337,8,2019,4,600,0,0,1,0
1338,8,2019,2,448,0,0,1,0
1339,8,2019,0,19,0,0,1,0
1340,8,2019,0,21,0,0,1,0
1341,8,2019,0,50,0,0,1,0
1342,8,2019,0,103,0,0,1,0
1343,8,2019,2,156,0,0,1,0
1344,8,2019,1,26,0,0,1,0
1345,8,2019,1,29,0,0,1,0
1346,8,2019,1,94,0,0,1,0
1347,8,2019,3,25,0,0,1,0
1348,8,2019,3,20,0,0,1,0
1349,8,2019,9,1301,0,0,1,0
1350,8,2019,1,46,0,0,1,0
1351,8,2019,0,81,0,0,1,0
1352,8,2019,0,16,0,0,1,0
1353,8,2019,0,20,0,0,1,0
1354,8,2019,3,757,0,0,1,0
1355,8,2019,3,1020,0,0,1,0
1356,10,2019,8,745,1,0,0,0
1357,7,2019,2,283,0,0,1,0
1358,6,2019,9,257,0,0,1,0
1359,9,2019,0,52,1,0,0,0
1360,9,2019,0,22,1,0,0,0
1361,9,2019,13,244,1,0,0,0
1362,6,2019,10,155,0,0,1,0
1363,9,2019,0,19,1,0,0,0
1364,6,2019,1,33,0,0,1,0
1365,5,2019,6,22,0,0,1,0
1366,5,2019,14,65,0,0,1,0
1367,10,2019,1,200,1,0,0,0
1368,6,2019,0,90,0,0,1,0
1369,6,2019,4,27,0,0,1,0
1370,6,2019,0,80,0,0,1,0
1371,6,2019,8,25,0,0,1,0
1372,6,2019,5,23,0,0,1,0
1373,6,2019,0,80,0,0,1,0
1374,5,2019,2,2500,0,0,1,0
1375,5,2019,7,50,0,0,1,0
1376,5,2019,5,172,0,0,1,0
1377,5,2019,4,63,0,0,1,0
1378,5,2019,4,26,0,0,1,0
1379,5,2019,5,835,0,0,1,0
1380,5,2019,7,121,0,0,1,0
1381,6,2019,0,2,0,0,1,0
1382,5,2019,12,144,0,0,1,0
1383,5,2019,26,55,0,0,1,0
1384,5,2019,6,130,0,0,1,0
1385,5,2019,4,45,0,0,1,0
1386,6,2020,2,90,0,0,1,0
1387,6,2020,1,100,0,0,1,0
1388,6,2020,0,40,0,0,1,0
1389,6,2020,4,445,0,0,1,0
1390,6,2020,3,85,0,0,1,0
1391,6,2020,26,533,0,0,1,0
1392,6,2020,3,191,0,0,1,0
1393,6,2020,0,10,0,0,1,0
1394,2,2020,0,57,0,0,0,1
1395,6,2020,0,80,0,0,1,0
1396,6,2020,1,100,0,0,1,0
1397,6,2020,5,5042,0,0,1,0
1398,10,2020,0,56,1,0,0,0
1399,6,2020,5,895,0,0,1,0
1400,6,2020,7,803,0,0,1,0
1401,6,2020,0,110,0,0,1,0
1402,6,2020,0,15,0,0,1,0
1403,6,2020,3,126,0,0,1,0
1404,6,2020,0,37,0,0,1,0
1405,6,2020,1,27,0,0,1,0
1406,2,2020,3,102,0,0,0,1
1407,12,2020,1,174,0,0,0,1
1408,12,2020,1,1933,0,0,0,1
1409,8,2020,1,280,0,0,1,0
1410,2,2020,1,75,0,0,0,1
1411,6,2020,1,230,0,0,1,0
1412,3,2020,3,154,0,1,0,0
1413,6,2020,0,20,0,0,1,0
1414,11,2020,1,131,0,0,0,1
1415,11,2020,0,49,0,0,0,1
1416,5,2020,0,60,0,0,1,0
1417,5,2020,2,156,0,0,1,0
1418,10,2020,12,13964,1,0,0,0
1419,10,2020,14,0,1,0,0,0
1420,5,2020,1,5000,0,0,1,0
1421,10,2020,12,12466,1,0,0,0
1422,10,2020,2,61,1,0,0,0
1423,10,2020,0,6,1,0,0,0
1424,10,2020,3,15,1,0,0,0
1425,10,2020,1,170,1,0,0,0
1426,10,2020,2,21,1,0,0,0
1427,10,2020,1,20,1,0,0,0
1428,10,2020,0,5,1,0,0,0
1429,6,2020,1,1672,0,0,1,0
1430,4,2020,0,47,0,1,0,0
1431,4,2020,1,26,0,1,0,0
1432,6,2020,1,151,0,0,1,0
1433,6,2020,3,1100,0,0,1,0
1434,6,2020,2,289,0,0,1,0
1435,5,2020,0,2060,0,0,1,0
1436,5,2020,0,17,0,0,1,0
1437,10,2020,2,21,1,0,0,0
1438,5,2020,1,20,0,0,1,0
1439,2,2020,7,211,0,0,0,1
1440,12,2020,1,0,0,0,0,1
1441,12,2020,11,1087,0,0,0,1
1442,12,2020,8,6686,0,0,0,1
1443,12,2020,0,24,0,0,0,1
1444,5,2020,0,20,0,0,1,0
1445,4,2020,8,275,0,1,0,0
1446,10,2020,1,30,1,0,0,0
1447,8,2020,4,312,0,0,1,0
1448,6,2020,4,195,0,0,1,0
1449,6,2020,1,52,0,0,1,0
1450,7,2020,1,730,0,0,1,0
1451,7,2020,0,75,0,0,1,0
1452,8,2020,0,688,0,0,1,0
1453,8,2020,2,290,0,0,1,0
1454,8,2020,5,567,0,0,1,0
1455,8,2020,45,4929,0,0,1,0
1456,8,2020,18,29570,0,0,1,0
1457,8,2020,24,0,0,0,1,0
1458,7,2020,1,71,0,0,1,0
1459,8,2020,2,45,0,0,1,0
1460,8,2020,12,47029,0,0,1,0
1461,8,2020,0,55,0,0,1,0
1462,8,2020,51,19609,0,0,1,0
1463,8,2020,46,363220,0,0,1,0
1464,8,2020,5,143,0,0,1,0
1465,7,2020,3,185,0,0,1,0
1466,7,2020,1,104,0,0,1,0
1467,7,2020,15,220,0,0,1,0
1468,8,2020,37,86509,0,0,1,0
1469,8,2020,44,684,0,0,1,0
1470,8,2020,3,62,0,0,1,0
1471,8,2020,1,600,0,0,1,0
1472,7,2020,3,75,0,0,1,0
1473,8,2020,2,14,0,0,1,0
1474,8,2020,3,560,0,0,1,0
1475,8,2020,10,2857,0,0,1,0
1476,7,2020,0,150,0,0,1,0
1477,7,2020,8,5513,0,0,1,0
1478,7,2020,23,22634,0,0,1,0
1479,7,2020,1,30,0,0,1,0
1480,7,2020,29,100,0,0,1,0
1481,7,2020,8,340,0,0,1,0
1482,7,2020,1,233,0,0,1,0
1483,8,2020,3,820,0,0,1,0
1484,8,2020,2,120,0,0,1,0
1485,8,2020,44,396624,0,0,1,0
1486,7,2020,27,83261,0,0,1,0
1487,7,2020,3,119,0,0,1,0
1488,8,2020,53,4237,0,0,1,0
1489,7,2020,10,557,0,0,1,0
1490,7,2020,30,9564,0,0,1,0
1491,7,2020,0,2,0,0,1,0
1492,8,2020,0,424,0,0,1,0
1493,7,2020,3,253,0,0,1,0
1494,8,2020,1,285,0,0,1,0
1495,8,2020,16,594,0,0,1,0
1496,8,2020,1,277,0,0,1,0
1497,8,2020,47,31089,0,0,1,0
1498,8,2020,15,7760,0,0,1,0
1499,8,2020,2,177,0,0,1,0
1500,6,2020,4,1050,0,0,1,0
1501,8,2020,1,65,0,0,1,0
1502,7,2020,0,500,0,0,1,0
1503,7,2020,1,597,0,0,1,0
1504,7,2020,4,648,0,0,1,0
1505,7,2020,1,145,0,0,1,0
1506,7,2020,1,138,0,0,1,0
1507,7,2020,3,250,0,0,1,0
1508,7,2020,0,51,0,0,1,0
1509,7,2020,3,321,0,0,1,0
1510,7,2020,4,3022,0,0,1,0
1511,7,2020,22,120,0,0,1,0
1512,7,2020,5,1525,0,0,1,0
1513,7,2020,3,62,0,0,1,0
1514,7,2020,1,343,0,0,1,0
1515,8,2020,1,20,0,0,1,0
1516,8,2020,0,183,0,0,1,0
1517,8,2020,0,110,0,0,1,0
1518,7,2020,0,31,0,0,1,0
1519,7,2020,2,2900,0,0,1,0
1520,7,2020,1,135,0,0,1,0
1521,8,2020,8,6882,0,0,1,0
1522,7,2020,1,108,0,0,1,0
1523,8,2020,0,36,0,0,1,0
1524,6,2020,2,210,0,0,1,0
1525,9,2020,16,56338,1,0,0,0
1526,6,2020,3,12,0,0,1,0
1527,9,2020,14,2188,1,0,0,0
1528,9,2020,3,48,1,0,0,0
1529,6,2020,3,263,0,0,1,0
1530,6,2020,5,129,0,0,1,0
1531,6,2020,6,280,0,0,1,0
1532,6,2020,0,33,0,0,1,0
1533,6,2020,0,12,0,0,1,0
1534,6,2020,3,136,0,0,1,0
1535,6,2020,1,338,0,0,1,0
1536,6,2020,24,62,0,0,1,0
1537,6,2020,1,15,0,0,1,0
1538,6,2020,5,2192,0,0,1,0
1539,6,2020,1,89,0,0,1,0
1540,6,2020,0,95,0,0,1,0
1541,6,2020,5,83,0,0,1,0
1542,6,2020,4,1455,0,0,1,0
1543,8,2020,2,52,0,0,1,0
1544,6,2020,1,141,0,0,1,0
1545,6,2020,0,39,0,0,1,0
1546,6,2020,16,10,0,0,1,0
1547,6,2020,1,300,0,0,1,0
1548,6,2020,0,89,0,0,1,0
1549,6,2020,0,79,0,0,1,0
1550,6,2020,2,107,0,0,1,0
1551,6,2020,4,1837,0,0,1,0
1552,6,2020,3,100,0,0,1,0
1553,6,2020,3,217,0,0,1,0
1554,6,2020,4,130,0,0,1,0
1555,6,2020,1,165,0,0,1,0
1556,6,2020,0,13,0,0,1,0
1557,6,2020,1,202,0,0,1,0
1558,6,2020,3,19,0,0,1,0
1559,6,2020,1,18,0,0,1,0
1560,9,2020,1,227,1,0,0,0
1561,7,2020,2,33,0,0,1,0
1562,7,2020,2,91,0,0,1,0
1563,7,2020,13,29667,0,0,1,0
1564,8,2020,3,200,0,0,1,0
1565,7,2020,3,1508,0,0,1,0
1566,7,2020,3,48,0,0,1,0
1567,7,2020,4,108,0,0,1,0
1568,8,2020,11,0,0,0,1,0
1569,8,2020,87,1032648,0,0,1,0
1570,8,2020,1,727,0,0,1,0
1571,8,2020,8,1962,0,0,1,0
1572,6,2020,3,563,0,0,1,0
1573,8,2020,1,512,0,0,1,0
1574,8,2020,44,178,0,0,1,0
1575,8,2020,11,705,0,0,1,0
1576,7,2020,2,157,0,0,1,0
1577,8,2020,2,275,0,0,1,0
1578,7,2020,2,25,0,0,1,0
1579,9,2020,10,50,1,0,0,0
1580,9,2020,1,45,1,0,0,0
1581,7,2020,0,10,0,0,1,0
1582,9,2020,5,1311,1,0,0,0
1583,9,2020,23,67484,1,0,0,0
1584,9,2020,8,45,1,0,0,0
1585,9,2020,58,1185,1,0,0,0
1586,9,2020,2,230,1,0,0,0
1587,9,2020,2,111,1,0,0,0
1588,9,2020,1,13,1,0,0,0
1589,9,2020,72,22744,1,0,0,0
1590,9,2020,19,16390,1,0,0,0
1591,9,2020,7,1100,1,0,0,0
1592,9,2020,62,0,1,0,0,0
1593,9,2020,9,0,1,0,0,0
1594,2,2021,204,20,0,0,1,0
1595,5,2021,27,7474,0,0,1,0
1596,5,2021,1,20,0,0,1,0
1597,10,2021,14,650,0,0,1,0
1598,3,2021,189,10,0,0,1,0
1599,4,2021,151,23136,0,0,1,0
1600,7,2021,175,2100,0,0,1,0
1601,9,2021,7,1785,0,0,1,0
1602,1,2021,2,78,0,0,1,0
1603,11,2021,142,668,0,0,1,0
1604,6,2021,215,37,0,0,1,0
1605,9,2021,5,150,0,0,1,0
1606,2,2021,138,155,0,0,1,0
1607,2,2021,319,2070,0,0,0,1
1608,10,2021,140,30,0,0,1,0
1609,8,2021,186,33,0,0,1,0
1610,7,2021,197,10,0,0,1,0
1611,12,2021,81,10,1,0,0,0
1612,7,2021,152,136,0,0,1,0
1613,2,2021,219,33,0,0,1,0
1614,2,2021,45,47,0,0,0,1
1615,4,2021,214,300,0,0,1,0
1616,8,2021,3,33,0,0,1,0
1617,3,2021,165,128,0,0,1,0
1618,11,2021,211,200,0,0,1,0
1619,7,2021,83,132127,0,0,1,0
1620,12,2021,5,10,0,0,1,0
1621,11,2021,205,60,0,0,1,0
1622,4,2021,2,135,0,0,1,0
1623,6,2021,0,42,1,0,0,0
1624,8,2021,4,158,0,0,1,0
1625,3,2021,26,55,0,0,1,0
1626,3,2021,3,350,1,0,0,0
1627,7,2021,0,16,1,0,0,0
1628,3,2021,4,210,0,0,1,0
1629,11,2021,78,395,0,0,1,0
1630,1,2021,3,15,1,0,0,0
1631,2,2021,135,23,0,0,1,0
1632,4,2021,239,12,0,0,1,0
1633,3,2021,163,39,0,0,1,0
1634,11,2021,187,215,0,0,1,0
1635,11,2021,4,150,1,0,0,0
1636,7,2021,0,0,0,1,0,0
1637,3,2021,173,32,0,0,1,0
1638,7,2021,201,17,0,0,1,0
1639,11,2021,1,36,0,0,1,0
1640,8,2021,106,12,1,0,0,0
1641,7,2021,1,26,0,0,1,0
1642,5,2021,13,3929,0,0,1,0
1643,10,2021,156,67,0,0,1,0
1644,1,2021,2,86,0,0,1,0
1645,3,2021,178,51,0,0,1,0
1646,12,2021,142,867,0,0,1,0
1647,1,2021,217,14,0,0,1,0
1648,2,2021,191,225,0,0,1,0
1649,2,2021,235,70,0,0,1,0
1650,1,2021,205,10,0,0,1,0
1651,6,2021,221,16,0,0,1,0
1652,10,2021,136,62,0,0,1,0
1653,9,2021,242,1800,0,0,1,0
1654,2,2021,142,186,0,0,1,0
1655,8,2021,189,18,0,0,1,0
1656,3,2021,208,28,0,0,1,0
1657,1,2021,119,12,1,0,0,0
1658,9,2021,165,135,0,0,1,0
1659,9,2021,188,39,1,0,0,0
1660,6,2021,190,10,0,0,1,0
1661,5,2021,83,13,1,0,0,0
1662,5,2021,75,866,1,0,0,0
1663,4,2021,207,32,0,0,1,0
1664,12,2021,234,506,0,0,1,0
1665,7,2021,226,16,0,0,1,0
1666,1,2021,187,0,0,0,1,0
1667,9,2021,235,486,0,0,1,0
1668,6,2021,189,205,0,0,1,0
1669,5,2021,212,32,0,0,1,0
1670,8,2021,1,150,1,0,0,0
1671,6,2021,84,116,1,0,0,0
1672,11,2021,210,33,0,0,1,0
1673,4,2021,251,73,0,1,0,0
1674,1,2021,119,13417,1,0,0,0
1675,1,2021,160,32,0,0,1,0
1676,9,2021,221,10,0,0,1,0
1677,10,2021,194,68,0,0,1,0
1678,9,2021,156,106,0,0,1,0
1679,6,2021,132,21846,0,0,1,0
1680,3,2021,57,4531,0,0,0,1
1681,12,2021,254,150,0,1,0,0
1682,12,2021,156,66,0,0,1,0
1683,8,2021,184,316,0,0,1,0
1684,11,2021,112,25,1,0,0,0
1685,12,2021,151,290,0,0,1,0
1686,12,2021,113,400,1,0,0,0
1687,6,2021,281,380,0,1,0,0
1688,3,2021,212,265,0,0,1,0
1689,5,2021,216,10,0,0,1,0
1690,5,2021,236,14,0,0,1,0
1691,6,2021,217,23,0,0,1,0
1692,5,2021,92,150,1,0,0,0
1693,2,2021,170,184,1,0,0,0
1694,4,2021,220,25,0,0,1,0
1695,10,2021,204,168,0,0,1,0
1696,5,2021,187,2269,0,0,1,0
1697,2,2021,156,530,0,0,1,0
1698,3,2021,181,191125,0,0,1,0
1699,9,2021,194,55,0,0,1,0
1700,6,2021,253,20,0,1,0,0
1701,1,2021,1,83,1,0,0,0
1702,1,2021,35,34,0,0,0,1
1703,12,2021,1,89,0,0,1,0
1704,4,2021,1,730,0,0,1,0
1705,12,2021,3,85,0,0,1,0
1706,2,2021,1,84,0,0,1,0
1707,9,2021,1,48,1,0,0,0
1708,6,2021,5,20292,0,0,1,0
1709,11,2021,1,106,0,0,0,1
1710,10,2021,13,244,1,0,0,0
1711,9,2021,6,3111,1,0,0,0
1712,12,2021,7,50,0,0,1,0
1713,3,2021,3,210,1,0,0,0
1714,2,2021,0,81,0,0,1,0
1715,6,2021,0,12,1,0,0,0
1716,7,2021,16,594,0,0,1,0
1717,1,2021,3,15,1,0,0,0
1718,2,2021,0,41,1,0,0,0
1719,1,2021,1,75,0,1,0,0
1720,10,2021,44,684,0,0,1,0
1721,3,2021,1,104,0,0,1,0
1722,6,2021,0,40,0,0,1,0
1723,8,2021,0,50,0,0,1,0
1724,11,2021,1,71,0,0,1,0
1725,12,2021,1,150,0,0,1,0
1726,9,2021,2,612,0,0,1,0
1727,11,2021,10,50,1,0,0,0
1728,7,2021,1,5000,0,0,1,0
1729,2,2021,5,143,0,0,1,0
1730,3,2021,1,73,1,0,0,0
1731,5,2021,4,312,0,0,1,0
1732,3,2021,1,250,1,0,0,0
1733,4,2021,6,794,0,0,1,0
1734,3,2021,0,413,0,0,1,0
1735,2,2021,1,100,0,0,1,0
1736,12,2021,3,263,0,0,1,0
1737,5,2021,2,120,0,0,0,1
1738,12,2021,0,20,0,0,1,0
1739,6,2021,3,100,0,0,1,0
1740,11,2021,1,190,0,0,1,0
1741,2,2021,1,200,1,0,0,0
1742,12,2021,2,75,0,0,1,0
1743,10,2021,1,376,1,0,0,0
1744,11,2021,0,16,0,0,1,0
1745,4,2021,0,40,0,0,1,0
1746,4,2021,2,46,0,0,1,0
1747,11,2021,3,154,0,1,0,0
1748,3,2021,3,119,0,0,1,0
1749,7,2021,0,108,0,0,1,0
1750,10,2021,1,59,0,0,1,0
1751,8,2021,12,2446,0,0,1,0
1752,10,2021,3,12,0,0,1,0
1753,10,2021,4,50,0,0,1,0
1754,2,2021,1,285,0,0,1,0
1755,1,2021,1,974,0,0,1,0
1756,3,2021,6,75,0,0,1,0
1757,5,2021,26,533,0,0,1,0
1758,11,2021,0,105,0,0,1,0
1759,7,2021,2,21,1,0,0,0
1760,3,2021,3,85,1,0,0,0
1761,10,2021,0,12,0,0,1,0
1762,6,2021,10,968,1,0,0,0
1763,2,2021,3,126,0,0,1,0
1764,10,2022,162,11,0,0,1,0
1765,8,2022,176,117,0,0,1,0
1766,8,2022,12,13964,1,0,0,0
1767,1,2022,62,0,1,0,0,0
1768,8,2022,123,6151,1,0,0,0
1769,4,2022,259,1265,0,1,0,0
1770,11,2022,181,59,0,0,1,0
1771,6,2022,240,18,0,0,1,0
1772,4,2022,36,0,0,0,0,1
1773,6,2022,0,75,0,0,1,0
1774,1,2022,85,391,1,0,0,0
1775,12,2022,3,217,0,0,1,0
1776,11,2022,181,10,0,0,1,0
1777,9,2022,88,81,1,0,0,0
1778,5,2022,102,444,1,0,0,0
1779,4,2022,0,57,0,0,0,1
1780,11,2022,0,10,0,0,1,0
1781,6,2022,154,2950,0,0,1,0
1782,2,2022,37,86509,0,0,1,0
1783,11,2022,4,195,0,0,1,0
1784,10,2022,1,30,1,0,0,0
1785,12,2022,0,688,0,0,1,0
1786,5,2022,264,5738,0,1,0,0
1787,2,2022,7,211,0,0,0,1
1788,4,2022,238,18,0,0,1,0
1789,1,2022,0,47,0,1,0,0
1790,8,2022,16,56338,1,0,0,0
1791,10,2022,24,62,0,0,1,0
1792,1,2022,0,89,0,0,1,0
1793,11,2022,3,136,0,0,1,0
1794,2,2022,133,55,0,0,1,0
1795,5,2022,124,15,1,0,0,0
1796,9,2022,219,67,0,0,1,0
1797,7,2022,2,177,0,0,1,0
1798,1,2022,215,10,0,0,1,0
1799,10,2022,199,42,0,0,1,0
1800,10,2022,185,62,0,0,1,0
1801,5,2022,11,2534,0,0,0,1
1802,5,2022,0,31,0,0,1,0
1803,7,2022,2,14,0,0,1,0
1804,9,2022,195,15185,0,0,1,0
1805,12,2022,161,100,0,0,1,0
1806,4,2022,168,110,0,0,1,0
1807,10,2022,214,1352,0,0,1,0
1808,6,2022,180,640,0,0,1,0
1809,2,2022,179,80,0,0,1,0
1810,6,2022,10,1926,1,0,0,0
1811,3,2022,4,15,1,0,0,0
1812,2,2022,156,36450,0,0,1,0
1813,11,2022,3,97,1,0,0,0
1814,10,2022,2,193,0,0,1,0
1815,8,2022,4,600,0,0,1,0
1816,7,2022,0,139,0,0,1,0
1817,4,2022,191,63,0,0,1,0
1818,12,2022,3,757,0,0,1,0
1819,9,2022,1,200,1,0,0,0
1820,2,2022,5,260,1,0,0,0
1821,4,2022,190,300,0,0,1,0
1822,3,2022,1,26,0,0,1,0
1823,6,2022,76,10296,1,0,0,0
1824,7,2022,3,100,0,0,1,0
1825,4,2022,3,210,0,0,1,0
1826,5,2022,4,63,0,0,1,0
1827,7,2022,3,35,1,0,0,0
1828,1,2022,1,167,1,0,0,0
1829,6,2022,3,62,1,0,0,0
1830,5,2022,1,53,1,0,0,0
1831,6,2022,2,27,0,0,1,0
1832,2,2022,182,504,0,0,1,0
1833,7,2022,0,9,1,0,0,0
1834,10,2022,189,30,0,0,1,0
1835,11,2022,1,81,0,0,1,0
1836,12,2022,1,75,0,0,0,1
1837,7,2022,6,280,0,0,1,0
1838,12,2022,220,25,0,0,1,0
1839,3,2022,209,175,0,0,1,0
1840,3,2022,94,32,1,0,0,0
1841,6,2022,159,35,0,0,1,0
1842,3,2022,3,62,0,0,1,0
1843,5,2022,0,20,0,0,1,0
1844,6,2022,66,550,1,0,0,0
1845,4,2022,124,36,1,0,0,0
1846,4,2022,195,268,0,0,1,0
1847,9,2022,14,2188,1,0,0,0
1848,3,2022,12,47029,0,0,1,0
1849,10,2022,153,30,0,0,1,0
1850,10,2022,173,56,0,0,1,0
1851,6,2022,122,150,1,0,0,0
1852,3,2022,1,52,0,0,1,0
1853,7,2022,173,16,0,0,1,0
1854,9,2022,89,3889,1,0,0,0
1855,6,2022,1,33,0,0,1,0
1856,2,2022,4,420,1,0,0,0
1857,7,2022,146,650,0,0,1,0
1858,5,2022,2,2500,0,0,1,0
1859,10,2022,123,24,1,0,0,0
1860,4,2022,174,33,0,0,1,0
1861,8,2022,171,14,0,0,1,0
1862,3,2022,0,10,1,0,0,0
1863,5,2022,2,210,0,0,1,0
1864,11,2022,151,2225,0,0,1,0
1865,7,2022,132,32,0,0,1,0
1866,4,2022,0,80,0,0,1,0
1867,11,2022,2,190,0,0,0,1
1868,8,2022,60,10,1,0,0,0
1869,5,2022,3,212,0,0,1,0
1870,2,2022,2,12503,0,0,1,0
1871,9,2022,4,1388,0,0,0,1
1872,8,2022,4,100,0,0,1,0
1873,8,2022,213,206,0,0,1,0
1874,2,2022,8,4300,0,0,1,0
1875,5,2022,0,85,0,0,1,0
1876,2,2022,2,502,0,0,1,0
1877,5,2022,0,112,0,0,1,0
1878,2,2022,0,45,0,0,1,0
1879,2,2022,130,7194,1,0,0,0
1880,2,2022,1,40,0,0,1,0
1881,6,2022,9,1070,0,0,1,0
1882,8,2022,154,2860,0,0,1,0
1883,3,2022,4,1547,1,0,0,0
1884,4,2022,1,35,0,0,1,0
1885,6,2022,242,31,0,0,1,0
1886,2,2022,120,50,1,0,0,0
1887,11,2022,204,1503,0,0,1,0
1888,6,2022,0,104,1,0,0,0
1889,10,2022,0,25,0,0,1,0
1890,12,2022,149,19,0,0,1,0
1891,11,2022,5,215,0,0,1,0
1892,11,2022,134,10,0,0,1,0
1893,2,2022,124,8417,1,0,0,0
1894,1,2022,1,10570,0,0,1,0
1895,12,2022,45,31359,0,0,1,0
1896,2,2022,0,195,0,0,1,0
1897,11,2022,165,63,0,0,1,0
1898,9,2022,91,23,1,0,0,0
1899,2,2022,0,30,0,0,1,0
1900,1,2022,132,18618,0,0,1,0
1901,7,2022,36,70868,1,0,0,0
1902,10,2022,20,257314,0,0,1,0
1903,1,2022,178,10,0,0,1,0
1904,12,2022,113,429,1,0,0,0
1905,7,2022,8,1086,1,0,0,0
1906,12,2022,119,58,1,0,0,0
1907,4,2022,244,15619,0,0,0,1
1908,9,2022,185,370,0,0,1,0
1909,6,2022,0,80,0,0,1,0
1910,4,2022,1,26,0,0,1,0
1911,10,2022,3,47,1,0,0,0
1912,6,2022,254,1350,0,1,0,0
1913,4,2022,128,120,1,0,0,0
1914,12,2022,164,17,0,0,1,0
1915,9,2022,9,30274,0,0,1,0
1916,12,2022,1,277,0,0,1,0
1917,1,2022,1,36,0,0,1,0
1918,5,2022,1,91,0,0,1,0
1919,12,2022,6,204,0,0,1,0
1920,3,2022,99,100,1,0,0,0
1921,9,2022,87,100,1,0,0,0
1922,4,2022,0,40,0,0,0,1
1923,10,2022,9,2100,1,0,0,0
1924,5,2022,1,31,0,0,1,0
1925,3,2022,0,195,0,0,1,0
1926,10,2022,192,128,0,0,1,0
1927,2,2022,180,10,0,0,1,0
1928,2,2022,130,25,1,0,0,0
1929,7,2022,11,1952,0,0,0,1
1930,10,2022,184,48889,0,0,1,0
1931,1,2022,210,22,0,0,1,0
1932,3,2022,24,14,0,0,0,1
1933,7,2022,2,754,0,0,1,0
1934,5,2022,3,3166,0,0,1,0
1935,4,2022,0,40,0,0,1,0
1936,10,2022,6,4346,0,0,1,0
1937,2,2023,5,280,1,0,0,0
1938,10,2023,1,35,0,0,1,0
1939,12,2023,14,14217,0,0,1,0
1940,12,2023,6,1042,1,0,0,0
1941,1,2023,2,95,1,0,0,0
1942,9,2023,0,90,0,0,1,0
1943,9,2023,1,131,0,0,1,0
1944,2,2023,1,17,0,0,1,0
1945,9,2023,12,1764,0,0,1,0
1946,1,2023,234,190,0,0,1,0
1947,5,2023,5,137,0,1,0,0
1948,6,2023,209,12,0,0,1,0
1949,8,2023,1,211,0,0,1,0
1950,9,2023,9,7050,0,0,1,0
1951,1,2023,3,518,0,0,1,0
1952,4,2023,171,28,0,0,1,0
1953,11,2023,57,35,0,0,0,1
1954,10,2023,26,2652,1,0,0,0
1955,9,2023,110,51,1,0,0,0
1956,7,2023,194,80,0,0,1,0
1957,7,2023,172,10,0,0,1,0
1958,9,2023,9,8110,0,0,1,0
1959,4,2023,19,1542,0,0,1,0
1960,1,2023,2,171,0,0,1,0
1961,3,2023,8,158,0,0,1,0
1962,6,2023,7,5737,1,0,0,0
1963,8,2023,0,2546,0,0,1,0
1964,2,2023,6,58,1,0,0,0
1965,3,2023,4,1548,0,0,1,0
1966,10,2023,1,487,0,0,1,0
1967,2,2023,0,51,0,0,1,0
1968,1,2023,1,108,0,0,1,0
1969,9,2023,0,60,0,0,1,0
1970,9,2023,0,5,1,0,0,0
1971,8,2023,0,27,0,0,1,0
1972,11,2023,1,80,0,0,1,0
1973,7,2023,0,49,0,0,0,1
1974,8,2023,19,16390,1,0,0,0
1975,4,2023,44,178,0,0,1,0
1976,3,2023,6,2462,0,0,1,0
1977,9,2023,5,83,0,0,1,0
1978,8,2023,15,27531,0,0,1,0
1979,3,2023,8,45,1,0,0,0
1980,9,2023,4,60,0,0,1,0
1981,5,2023,1,75,0,0,1,0
1982,6,2023,2,290,0,0,1,0
1983,9,2023,0,124,0,0,1,0
1984,8,2023,2,46,0,0,1,0
1985,7,2023,1,15,0,0,1,0
1986,2,2023,2,45,0,0,1,0
1987,2,2023,4,1837,0,0,1,0
1988,9,2023,5,1311,1,0,0,0
1989,9,2023,4,2236,1,0,0,0
1990,9,2023,4,217,0,0,1,0
1991,9,2023,31,2060,0,0,1,0
1992,10,2023,0,26,0,0,1,0
1993,5,2023,46,363220,0,0,1,0
1994,4,2023,1,512,0,0,1,0
1995,5,2023,1,70,1,0,0,0
1996,2,2023,1,13,0,0,1,0
1997,2,2023,8,4240,0,0,1,0
1998,2,2023,2,156,0,0,1,0
1999,9,2023,1,137,1,0,0,0
2000,7,2023,1,66,1,0,0,0
2001,2,2023,4,1469,0,0,1,0
2002,7,2023,1,50,1,0,0,0
2003,10,2023,26,516,1,0,0,0
2004,7,2023,57,161,0,1,0,0
2005,11,2023,26,97717,1,0,0,0
2006,3,2023,1,510,0,0,1,0
2007,5,2023,9,70,0,0,1,0
2008,5,2023,6,220,1,0,0,0
2009,9,2023,6,1375,1,0,0,0
2010,5,2023,14,13153,0,0,1,0
2011,3,2023,0,22,0,0,1,0
2012,5,2023,1,110,0,0,1,0
2013,2,2023,5,3505,0,0,0,1
2014,12,2023,5,1525,0,0,1,0
2015,2,2023,1,712,0,0,1,0
2016,4,2023,1,20,0,0,1,0
2017,4,2023,45,4929,0,0,1,0
2018,7,2023,3,563,0,0,1,0
2019,11,2023,2,75,1,0,0,0
2020,6,2023,195,62,0,0,1,0
2021,5,2023,1,130,1,0,0,0
2022,7,2023,3,102,0,0,0,1
2023,3,2023,163,1350,0,0,1,0
2024,10,2023,194,163,0,0,1,0
2025,6,2023,203,30,0,0,1,0
2026,3,2023,124,51624,1,0,0,0
2027,12,2023,92,1660,1,0,0,0
2028,10,2023,119,995,1,0,0,0
2029,7,2023,282,11,0,1,0,0
2030,4,2023,209,2290,0,0,1,0
2031,7,2023,6,710,0,0,1,0
2032,10,2023,1,25,0,0,1,0
2033,9,2023,3,139,0,0,1,0
2034,11,2023,1,57,0,0,1,0
2035,2,2023,1,15,0,0,1,0
2036,12,2023,201,39,0,0,1,0
2037,9,2023,199,40,0,0,1,0
2038,8,2023,39,281893,0,0,0,1
2039,7,2023,336,0,0,0,0,1
2040,5,2023,128,100,1,0,0,0
2041,4,2023,185,1816,0,0,1,0
2042,8,2023,19,45,0,0,0,1
2043,4,2023,236,10343,0,0,1,0
2044,8,2023,157,338,0,0,1,0
2045,6,2023,145,16,0,0,1,0
2046,1,2023,11,2575,1,0,0,0
2047,7,2023,189,268,0,0,1,0
2048,9,2023,194,42,0,0,1,0
2049,11,2023,124,9989,1,0,0,0
2050,3,2023,143,168,0,0,1,0
2051,2,2023,266,30,0,1,0,0
2052,1,2023,212,186,0,0,1,0
2053,9,2023,33,4100,0,0,0,1
2054,10,2023,149,41,0,0,1,0
2055,2,2023,192,260,0,0,1,0
2056,8,2023,1,52,0,0,1,0
2057,1,2023,191,14,0,0,1,0
2058,2,2023,159,30,0,0,1,0
2059,2,2023,3,30,1,0,0,0
2060,4,2023,205,70,0,0,1,0
2061,1,2023,114,200,1,0,0,0
2062,3,2023,176,70,0,0,1,0
2063,5,2023,10,12518,1,0,0,0
2064,12,2023,0,2304,0,0,1,0
2065,9,2023,168,63,0,0,1,0
2066,12,2023,216,157,0,0,1,0
2067,1,2023,130,88,0,0,1,0
2068,12,2023,148,39715,0,0,1,0
2069,9,2023,191,10,0,0,1,0
2070,2,2023,163,34,0,0,1,0
2071,10,2023,3,3876,0,0,1,0
2072,4,2023,77,40,1,0,0,0
2073,9,2023,186,2940,0,0,1,0
2074,5,2023,105,74,1,0,0,0
2075,8,2023,236,20,0,0,1,0
2076,11,2024,195,562,0,0,1,0
2077,3,2024,189,0,0,0,1,0
2078,11,2024,255,126,0,1,0,0
2079,6,2024,166,15,0,0,1,0
2080,11,2024,44,6049,0,0,0,1
2081,6,2024,131,34,0,0,1,0
2082,7,2024,3,185,0,0,1,0
2083,1,2024,1,26,0,1,0,0
2084,2,2024,7,803,0,0,1,0
2085,2,2024,3,75,0,0,1,0
2086,1,2024,2,68,1,0,0,0
2087,4,2024,0,116,0,0,1,0
2088,2,2024,173,50,0,0,1,0
2089,6,2024,2,91,0,0,1,0
2090,9,2024,2,90,0,0,1,0
2091,2,2024,1,300,0,0,1,0
2092,6,2024,1,145,0,0,1,0
2093,8,2024,72,120,1,0,0,0
2094,3,2024,245,300,0,0,1,0
2095,7,2024,201,20,0,0,1,0
2096,7,2024,0,15,0,0,1,0
2097,2,2024,1,0,0,0,0,1
2098,1,2024,0,42,0,0,1,0
2099,10,2024,133,8925,0,0,1,0
2100,2,2024,104,360,1,0,0,0
2101,10,2024,3,200,0,0,1,0
2102,10,2024,0,36,0,0,1,0
2103,12,2024,19,97,1,0,0,0
2104,2,2024,0,25,0,0,1,0
2105,12,2024,6,8073,1,0,0,0
2106,9,2024,0,82,0,0,0,1
2107,3,2024,1,280,0,0,1,0
2108,1,2024,84,50,1,0,0,0
2109,8,2024,0,303,0,0,1,0
2110,12,2024,3,250,0,0,1,0
2111,12,2024,4,28,0,0,1,0
2112,9,2024,1,96,0,0,1,0
2113,1,2024,4,3022,0,0,1,0
2114,11,2024,1,727,0,0,1,0
2115,12,2024,53,4237,0,0,1,0
2116,8,2024,4,406,0,0,0,1
2117,12,2024,24,0,0,0,1,0
2118,6,2024,185,74,0,0,1,0
2119,12,2024,2,157,0,0,1,0
2120,5,2024,210,20,0,0,1,0
2121,8,2024,167,27276,0,0,1,0
2122,3,2024,189,13,0,0,1,0
2123,10,2024,177,40,0,0,1,0
2124,12,2024,134,54,0,0,1,0
2125,6,2024,149,1044,0,0,1,0
2126,6,2024,0,73,0,0,1,0
2127,9,2024,1,1933,0,0,0,1
2128,3,2024,3,2781,0,0,1,0
2129,7,2024,132,28,0,0,1,0
2130,5,2024,0,150,0,0,1,0
2131,8,2024,0,12,0,0,1,0
2132,9,2024,92,0,1,0,0,0
2133,12,2024,1,274,0,1,0,0
2134,5,2024,10,2857,0,0,1,0
2135,1,2024,7,513,0,0,1,0
2136,12,2024,4,1455,0,0,1,0
2137,2,2024,194,85,0,0,1,0
2138,10,2024,0,30,1,0,0,0
2139,7,2024,35,260,0,0,0,1
2140,5,2024,160,460,0,0,1,0
2141,8,2024,83,167,1,0,0,0
2142,7,2024,0,274,0,0,1,0
2143,10,2024,1,28,0,0,1,0
2144,7,2024,0,20,0,0,1,0
2145,9,2024,5,225,0,0,1,0
2146,12,2024,7,703,1,0,0,0
2147,12,2024,228,12,0,0,1,0
2148,5,2024,1,55,0,0,1,0
2149,5,2024,2,167,0,0,1,0
2150,7,2024,8,100,0,0,1,0
2151,11,2024,0,11,1,0,0,0
2152,7,2024,0,43,0,0,1,0
2153,5,2024,4,464,0,0,1,0
2154,7,2024,199,10,0,0,1,0
2155,6,2024,2,214,0,0,1,0
2156,5,2024,2,289,1,0,0,0
2157,2,2024,2,156,0,0,1,0
2158,9,2024,9,1350,0,0,1,0
2159,11,2024,175,12,0,0,1,0
2160,6,2024,1,22,0,0,1,0
2161,11,2024,8,10,0,1,0,0
2162,9,2024,118,573,1,0,0,0
2163,12,2024,86,15,1,0,0,0
2164,6,2024,11,7609,0,0,1,0
2165,9,2024,170,77,0,0,1,0
2166,8,2024,1,123,0,0,1,0
2167,5,2024,148,250,0,0,1,0
2168,6,2024,161,48920,0,0,1,0
2169,2,2024,2,65,1,0,0,0
2170,6,2024,12,0,0,0,1,0
2171,2,2024,163,20,0,0,1,0
2172,5,2024,4,441,0,0,1,0
2173,10,2024,151,35,0,0,1,0
2174,2,2024,10,2241,0,0,1,0
2175,7,2024,214,12,0,0,1,0
2176,3,2024,1,1246,0,0,1,0
2177,10,2024,1,30,0,0,1,0
2178,3,2024,189,70,0,0,1,0
2179,1,2024,46,29322,0,0,1,0
2180,2,2024,141,114,0,0,1,0
2181,8,2024,4,88,0,0,1,0
2182,9,2024,182,825,0,0,1,0
2183,12,2024,1,148,0,0,1,0
2184,11,2024,212,450,0,0,1,0
2185,8,2024,9,1301,0,0,1,0
2186,7,2024,3,1020,0,0,1,0
2187,5,2024,0,33,0,0,1,0
2188,8,2024,135,18,0,0,1,0
2189,2,2024,0,103,0,0,1,0
2190,7,2024,8,25,0,0,1,0
2191,9,2024,179,856,0,0,1,0
2192,1,2024,184,340,0,0,1,0
2193,9,2024,87,148,1,0,0,0
2194,11,2024,0,35,0,0,1,0
2195,2,2024,49,10,0,0,0,1
2196,10,2024,1,20,0,0,1,0
2197,3,2024,1,75,0,0,0,1
2198,5,2024,1,143,0,0,1,0
2199,4,2024,144,100,0,0,1,0
2200,5,2024,200,115,0,0,1,0
2201,5,2024,75,194,1,0,0,0
2202,7,2024,123,1120,1,0,0,0
2203,10,2024,177,900,0,0,1,0
2204,6,2024,195,170,0,0,1,0
2205,10,2024,7,3380,0,0,1,0
2206,7,2024,188,33,0,0,1,0
2207,3,2024,263,15,0,1,0,0
2208,2,2024,12,12466,1,0,0,0
2209,5,2024,366,4016,0,0,1,0
2210,11,2024,2,1651,0,0,1,0
2211,10,2024,178,11,0,0,1,0
2212,5,2024,142,39387,0,0,1,0
2213,8,2024,2,109,1,0,0,0
2214,10,2024,0,30,1,0,0,0
2215,4,2024,175,58,0,0,1,0
2216,5,2024,157,972,0,0,1,0
2217,10,2024,195,3716,0,0,1,0
2218,7,2024,0,96,0,0,1,0
2219,9,2024,215,11,0,0,1,0
2220,4,2024,0,10,1,0,0,0
2221,2,2024,282,258,0,1,0,0
2222,12,2024,123,821,1,0,0,0
2223,6,2024,1,94,0,0,1,0
2224,11,2024,1,72,1,0,0,0
2225,8,2024,1,57,0,1,0,0
2226,10,2024,4,1457,0,0,1,0
2227,11,2024,2,15,0,0,1,0
2228,9,2024,201,185,0,0,1,0
2229,3,2024,135,69,0,0,1,0
2230,9,2024,18,5503,0,0,1,0
2231,11,2024,223,108,0,0,1,0
